Title,Album,Lyrics
22 (Taylor’s Version),Red (Taylor’s Version),iflapntdulhamfooeuuiflapnfbamtfilwsuuywhfcalatstimamoyttnwwfatditoidkaybiftewbaiykmntyydkambibywtewbaiwjkdlwttislootntpitctmckuuwtsaeislootnwdtwsaeudiosywhfcalitbwimamoyttnwwfathitohidkaybiftewbaioykmntyydkambibywtewbaiawjkdlwtoooootidkayttoiflootnwdtwsiflootnwwbsiflootnyllbnighyighyooyhyhidkayidkaybiftewbaiooykmntyydkamydkambibywtewbaiwjkdlwdlwttowtdltyytyyyiflootntwdtwsiflootntwwbsiflootntyllbnighyighy
All Too Well (10 Minute Version) (Taylor’s Version) [From the Vault],Red (Taylor’s Version),iwttdwytawcbsbiflhsailmstayshaysgiiydenoysdamwgwsitcglualfdlpipaicpiaatdaikilgatmnhnmaimbobinfaaoooctwaaotltsyartrcywloamwimhiwtiriatwpaotcycwtryutbalkwgiatbaymtsbyotttytmbyptyfwmaywtmtckftpkotgwwastaiwtotddatnhgsilynciwiwtwwdagabctpacbsitsatmitgatywwiwtairfybaifwsayhmlfaikilgatwneicdaifayletfwintctwaaitmotnwdrtkitrldtsiwtiriatwatwaawnhtkykmlasbikylaospawstriatwywmwglitmiaftmbmttwamtytiaursiwtiriatwaycmuajtbmlapsccitnobhiacpoplhciriaaatsawtewbiianhetydmmysiwhbciamiwbfatmmwtdtiyhomwwsanejwsroynwiapbsaamwhytwhyywcmdwsjsclyoalsbthwmwtfdanwytcahsistbftttwfilipbiiltbmosabisttfiapsdanwymmyonymbmtaiwhabykmosftvfwciryoiaislmycgroicyriatwyctwaawilysbbyltortyekiwriwtiriatwwimhywtyriadtsywtyriaiwriwtiriatwaiwngatjbtplgigobylsmafwybbmsabiaswrhhwadttfbpybjbudtlamytcitcbcisrtffosahigaifiriatwjbudtlamyatwjbudyriatwjbuirijbuatwwimhiwtiwtiwtdtsiwtiwtspiwtiwtiwryriatwwimhiwtiwtodtsiwtiwtiwtspiwtiwtiwryriatwwimhiwtiwtdtsiwtiwtspiwtiwtiwryriwimhiwtiwtdtsiwtiwtspiwtiwtiwryri
All Too Well (Taylor’s Version),Red (Taylor’s Version),iwttdwytawcbsbiflhsailmstayshaysgiiydenoysdamwgwsitcglualfdlpipaicpiaatdaikilgatmnhnmaimbobinfaaoooctwaaotltsyartrcywloamwimhiwtiriatwpaotcycwtryutbalkwgiatbaymtsbyotttytmbyptyfwmaikilgatwneicdaifayletfwintctwaaitmotnwdrtkitrldtsiwtiriatwyamwglitmiaftmbmttwamtytiaursiwtiriatwaycmuajtbmlapsccitnobhiacupoplhciriaaatwtwfilipbiiltbmosabisttfiapsdanwymmyonymbmtaiwhabykmosftvfwciryoiaislmycgroicyriatwyctwaawilysbbyltortyekiwriwtiriatwwimhywtyriadtsywtyriaiwriwtiriatw
Babe (Taylor’s Version) [From the Vault],Red (Taylor’s Version),wayppwaypppnwasdwbtotgaybmybtsptynshmihotkfycbiwhiysnoehcydtbwayppyrbtbwagttobtitltiecybtitlttitlttitltiecybwaypppwawtdtpatpwmyaishyfdlsiyshicatoybibdetycwawytwbwsnoehcydtbwayppyrbtbwagttobtitltiecybtitlttitlttitltiecysyaiikphloynicuiihtboyiclybwasdwtbtotgahcydtbbyrbtbbwagttobbtitltiecybtitlttitlttitltiecyihotkfycbiwhiysnoewagttobibdetycwawytwbwsnoetitltiecybbwayppp
Begin Again (Taylor’s Version),Red (Taylor’s Version),tadbitmhdliwiwhhbidttlapmhohashdgtsbididiwieyblbygheaysawiwtyypmcoahmiaydkhntibidaytyhbllalkitistytifchndibstlemtaledibabaeboawiaciwibaysynmogwhamjtraybidwtsaydkwicoalsbidbytyhbllalkitistytifchndibstlemtaledibabaeboawiaciwibaawwdtbtmcaiabhubysttatmtyfwescaiwttataftftwpipcytyhbllalkitistytifchndibstlemtaledibabaeboawiaciwibaoawiaciwiba
Better Man (Taylor’s Version) [From the Vault],Red (Taylor’s Version),ikipboomotlamwdkwhhwhhiaistpdydtmnaijwicfwiwmiwiw4asitmstmykyhtdiiktbtiedwrsitmotnicfyabijmyaijwywabmaikwwhtsgltbomhbijmyaijwywabmabmikipboaatnamwcchmaagmaiwaoytiwoecwhtmtsaliwitbbyjoichintdtmliabapmlaliwskolgoyntirsitmotnicfyabijmyaijwywabmaikwwhtsgltbomhbijmyaijwywabmabmihotpbtdiaihaigtymbawbkycstiwywabmiwwwwbiywabmwmsbiliywabmywbtoiywabmyysitmotnicfyabijmyaijwywabmaikwwhtsgltbomhbijmyaijwywabmabmsitmotnicfyawmsbiliywabmbijmyaijwywabmyyikwwhtsgltbomhbijmyaijwywabmabmwmsbiliywabmywbtoiywabm
Come Back...Be Here (Taylor’s Version),Red (Taylor’s Version),ysiiasw4atsdhstidkyaasttlgolktcyfrwiwjatfitmdgabimmipibsfttpttyatiwtfsiidwmyltcbbhcbbhigyinytidwnytwcbbhcbbhtdbrtfycksmwkaaaanticptdiihkwikninwpsntcabstnbybtmichbwytmwyatiwtfsiidwmyltcbbhcbbhigyiltaidwnytwcbbhcbbhooooootifilitcwtiffywyawainybhbyilaibdcinftynatiwtfsiidwmyltcbbhcbbhigyinytaidwnytwcbbhcbbhooidwmyltoocbbhcbbh
Everything Has Changed (Taylor’s Version),Red (Taylor’s Version),ygtgaiktmwiwiiksnksnidbaaiss1haigeafaysitbommmmflijwkybkybkybnijwkybkybkybnijwkybkybkybnijwkykykycaikiwshayellchaikiasnehcaikiyhtdybmaibyaiksyiehcaamwstpbaitedtedaoutdfyaaifimsibtbkmuflttfmmflijwkybkybkybnijwkybkybkybnijwkybkybkybnijwkykykycaikiwshayellchaikiasnehcaikiyhtdybmaibyaiksyiehccbatmwiflimyattammttalmktinaimmijwkybkybkybnijwkykykyaikiwshayellchaikiasnehcaikiyhtdaybmaibyaiksyiehcaikiwshsdoyhhaikipraehcaikianfgamdikyfaiksyiehc
Forever Winter (Taylor’s Version) [From the Vault],Red (Taylor’s Version),hshdbamhhtdhswfiljsycwigahsmohnwiwhiutbhsmohfgpdbgicjcuohhu3aphsinjapiimvcobattidkywbdiftpotfiywatytkigbibssfyffwiyghsfmottfsanmhliaswtlgoihtbipaetttstpihhlmlstdhdtliicjcuohhu5awlgnelmvcosattidkywbdiftpotfiywatytkigbibssfyffwiygiiwstiyaittbiyhadiisilyeaydapdgidkywbdiftpotfiywatytkigbibssfyffwiygibyssfa3apattidka5awibipotffwiyghshdbamhhtdisbiotiwga
Girl At Home (Taylor’s Version),Red (Taylor’s Version),dlamygagahaektektadlamygagahaektidekhbifartdwuariklacyaybgcacacsmlaiwbafpiiwasgbhianoetihplsdlamygagahaektektadlamygagahaektеktisytoypanygmaaisdlamygagahaektektijwmsyupytkomwmmswswuycdtntatfgwyhaiwbafpiiwasgayimgwiiihobjlhsdlamygagahaektektadlamygagahaektektisytoypanygmaaisdlamygagahaektektoocaclmnyatlygcaclmnlctlldlamygagahaektektadlamygagahaektektwsypuypathychdlamygagahaektektiwbafpiihobjlh
Holy Ground (Taylor’s Version),Red (Taylor’s Version),iwrjtodwhcaaalitmabtaffonytbwyfmplaprtoftaglgyystcwyakilanotdwajwmatwtfdadiwgnldartwwswhgslagiabndwhtbwcatowbtnwtsoinyaftftihstlaigwfaituwatsgdoepbsiwhytainaisyfieccdiwgnldartwwswhgtigdfatwbtbidwdiindwytigdlywitrbidwdiindwyiwgnldartwwswhgtigdfatwbtbidwdiindwytigdlywitrbidwdiindwy
I Almost Do (Taylor’s Version),Red (Taylor’s Version),ibttonysuibytfalhwibysiycbtwloatcaibsywbmaijwtyiteimntcyaiwicrtyaihyktetidiadiadibytiemoohycetyrotnribineotyticshtyaragaijwtyiteimntcyaiwicrtyaihyktetidiadiadowmqambipbotwaicbimdytmfaamiiwtawyaiadaijwtyiteimntcyaiwicrtyaihyktetidiadiadibttonysuibytfalhwibysiycbtwloatcaihsywbm
I Bet You Think About Me (Taylor’s Version) [From the Vault],Red (Taylor’s Version),3aaisaibyjffaiyctbtmatgiybhafpaibyftysbtmhwittfiwyucytlmsibwwwilotsatatmolatbtjsetihhobntwdaioibycbwyrihtftiwtlaibytamyguiasgcgsbbhiwroafniwamjlrdaktbbykwtsychwyffayaiflaessbrciyswtdylamdryeamjmstdyhatstynidhtbystktynbhaibytamibytamyibytamobiaotvslswdylhgdimyfsttltylfitltyhnyoitwsfyssntbhstgocmsltyffwwnotsmcywwmbntwdaioibihtbbitoihtftiwtlayibytamibytamyibytamibytamwyoaycimcewibytamiyhwyosaymcibytamwysomgsiswasamibytam
I Knew You Were Trouble (Taylor’s Version),Red (Taylor’s Version),ouatafmaiwiysygmayfmyfmyfmigydcaigiltawifhytasbwmwmwmahlgwhntmairtbiomcikywtwywissomnfmtpinbtypmdoikywtwywissomnfmtpinbnilotchgootttootttnahnsycphdkthtrwydydydaihymofwotsanniybiaiebanisnisnishwlgwhmmairtjiomyikywtwywiossomnfmtpinbtypmdoikywtwywissomnfmtpinbynilotchgootttytootttatsfccitynlmohoaoayoikywtwywissomnfmtpinbnbtypmdoikywtwywikirtssomnkirtfmtpinbonilotchgootttooottttcikywtwywitttcikywtwywittt
Message In A Bottle (Taylor’s Version) [From The Vault],Red (Taylor’s Version),iktylmaikfshwwaibhbfabetbnysfaaidflafitcirfytcycbtotilicbtotydoamiabiaicdshhigtyycbtotikaiicbtrycsanamiabiaicdshhigtytdirwaelhymmmmbtmfryldcnysfaaidflafitcirfytccycbtotilicbtotydoamiabiaicdshhigtyigtyycbtotikaiaicbtrycsanaamiabiaicdshhigtyhiiillwwywiwwiiesyaycbtotilmanishhigtycycbtotilyyicbtotydooamiabiaicdshhigtyigtyycbtotikaiicbtrycsanicsanamiabiaicdyyshhigtyyylycbtotillycbtotillmlanishhtgty
Nothing New (Taylor’s Version) [From the Vault],Red (Taylor’s Version),ttywyyggoahyftthastowadictwyfwysttssydattsassllsbtilwwbomoilmnihtmtdtaikisbtiwitaaiwuitmotnilicftmhcapkeaebnatawyswmwinnhlwibcatcimrwycbiomyaryewaamcagtftrafsawobttilyaaselutraplaiaihihtmtdthdigfgutbdaiwuwuitmotnilicftmhcapkeaebnatawyswmwinniksigmhiafdtkoryohassktwatsssgtmfmisihfhticmtsowooowowooihihtmtdtbiwitmmotdmoiwuwuitmotnaicftmhcapkeaebnatawyswmwyswmwyswmwinn
Red (Taylor’s Version),Red (Taylor’s Version),lhildanmdadsfttwpasesslhilttcymoyafttffltciasbjbtlialhwblinkmhwdgaawfhwlttksynmblhwrrrrrblhwrrrrrthwlrayewwrtifoymhwaeakatwtyofsfwhwlttsacartnrarhwlwynfotlcbtslhwblinkmhwdgaawfhwlttksynmblhwrrrorrrbrrrrrrhcifaetmitnglgbmofhiiwissiaimhibrbiwrolhwblinkmhwdgaawfhwlttksynmclhwrrryyrrrbrrrrratwhsrimhrrcbtmbrrrrryyrrhlwldanmdads
Ronan (Taylor’s Version),Red (Taylor’s Version),irybfdthiryllrcotkfpdilyttmabirybelimlwhooscirydbbtjomwmuicsfyhmhlmaetmikyfihlaagriliawtycobwmwgtfafhywmbfyirtdhwtbhttcaswfpuitwwnokwtsaabbwdaiatbhycbaywiywshirtldwikyfawiyecobwmwgtfafhootcrathgwjdcobwmwgtfafhywmbfywiisiycttttyawiikthywgiawiirtsmwsutwitmwegomwycobwmwgtfafhcobwmwgtfafhywmbfyirybfdthilyttmab
Run (Taylor’s Version) [From the Vault],Red (Taylor’s Version),ottfgmtkibtcbawsbittamsftdkidabilygsgmaradsnntacrytpopwiwiwfytakotctapiaftiwyarlyrftldlrrfiawcgwoectugwnoeirowrowrowrsyllacaislnocnotbnotticstvahtpbsriyesgmaradsnnatnftlykiiypsigitytahoysitiwilahifyarlyrftldlrrfiawcgltttcugwnoeirowrowrowrtbthimhttwasitdsynletuaaihoywwrawrawrawrlyrftlawrawrawrdlrawrawrawrrfiaawrawrawrwcgwoectuawrawrawrgwnoeirawrawrawrowrawrawrawrowrawrawrawrowrawrawrawroawr
Sad Beautiful Tragic (Taylor’s Version),Red (Taylor’s Version),lhndiypwhltmwyaltlisrbttyfialgghtbaltwwwhabmltwasbtlaidimyiwcawbwilbadcatitisteyaygydadtallmcwhabmltwasbtlawowodtbfsttroitkmttficyjttlhuguaftlouwcgbabmltwasbtbtbwwhabmltwasbtlawhabmltwasbtla
Starlight (Taylor’s Version),Red (Taylor’s Version),isomwamtiwtbnnwfhhmtwpwdttnawwddlwmoslwmosimbotbso4pmulonotwwwsacrwwcrwsiwpwwwitnwsiaycpptbadaapaisomwamtiwtbnnwfhhmtwpwdttnawwddlwmosslwmosshslaywtmatyccysywlstbiykttwhwttsrotostmdystssdyditlomwamtiwtbnnwfhhmtwpwdttnawwddlwmosslwmossohtcodwmowcgmhtkatthtdohhohhohhohhomwamtiwtbnnwfhhmtwpwdttnawwddlwmosslwmosslwmosslwdidlsslwdiddystssdydit
State of Grace (Taylor’s Version),Red (Taylor’s Version),iwftttlbsablaawkitagwaawocmwfiltihobofitaininsycainnbtsycaatafptrlacnawkidlgwaajyamuiyraosacjtfsfbesywnasailisowwltlwtpmbhbtlibawainnoooooosycooooooooooooooooooainnoooooobtsooooooooooooooooootiasogtitwfliarguypigartathofymahtitgaosgararainnsycainbtsoainnoooooosycooooooooooooooooooainnoooooosywnasailisowwltlwtpbtsmbhoooooooooooobtlibawooooootiasogtitwfliarguypigar
Stay Stay Stay (Taylor’s Version),Red (Taylor’s Version),ipswabulnitmpatrayiwesdtabystmiswstaicirysnlafutwyciwafhasoltaissssiblyfqstttyttifwimmmbittibiwbsbyiodstwtaotpoombycmganialailybyhgmncbtsssiblyfqstttyttifwimmmbittibiwbssssyttttmmmfmhadijlhowyattatttydlibotmilthowyfmwlsaiblyfqstnoeiglmwigmmmsittibiwbsssssssssiblyfqstttyttifwimmmbittibiwbsssssssssiblyfqstttyttifwimmmbittibiwbshtsf
The Last Time (Taylor’s Version),Red (Taylor’s Version),ifmaydjlattbinshigtartlmhiiyahiyraaayoyeimaefbarbyeibnpnrwjyamtitltiaytpmnattoyltitltiaywybmhitboaeeeyfyamdajlattbywybabiwttwylaattilyijfytgadwycbeibarbyeianpnthjyamtitltiaytpmnattoyltitltiaywybmhitboaeeetitltytmigiwtitltisibyaatitltilyimdtitltiwhyaooooooootitltiaytpmnattoyltitltiaywybmhitboaetitltiayttitltiaytpmnattoylpmnattoyltitltiaywtitltiaywybmhitboaeybmhtitltiayltiayltiayttitltiayltiayltiayttitltiayltiayltiayttitltiayltiayltiayt
The Lucky One (Taylor’s Version),Red (Taylor’s Version),nttwamnitaccfafatcfmilladyhifosywiselpelcsoyllasqanguillditsattynytloyttynytlobcytmnytlooooanibbcarvaylitfdekyayseusotnfpattytylbysccydfpyjfuaatytluttypanguilywiymioaattynytloyttynytlocytmnytloooooooiwafylisuhatsttlohydhyttmaydagthotsybabolsctrgomsaitstbiuincnmniuilbitygirlmtynytlolmtynytlolmtynytlooooyttynytloyttynytlolmtynytloooooowoo
The Moment I Knew (Taylor’s Version),Red (Taylor’s Version),ysbtsbttdwtbirhsaiwflamlsstjaaiwbshclgigmeotdjwfytwibttitpamhibaicbtmmhysybhysybhaiwlsmstimpdirlwnotiatalailatrbtwotmatwtmikathpbnijwbabycfastkwtsrwstfmdthatitbitntfaatsfsaishhshbhaiwlsmstimpdirlwnotiatalaamaybtwotmatwtmikwdyswtasdyfifoeykawdydwtowmtmtyitowdsysbhaiwbshaiwlsmstimpdirlwnotiatasamshbtybtwotmatwtmikoikoycmlasisidmiaisistatwtmik
The Very First Night (Taylor’s Version) [From the Vault],Red (Taylor’s Version),iwicfipyuawgbitiwtitsimyliwtvfnasigewtspingaaidsbmfastkeigtidddrbtalbtyctdkatnithtwritcwwbfdrtnotpptdkhmimyiwicfipyuawgbitiwtitsimyliwtvfnasiwwnsicnttfilbwdlcrbtwdkwwbtfawbtsqtwbeohbdfatnoilditkcmdtthnokatwtwwnokhmimyiwicfipyuawgbitiwtitsimyliwtvfntmatmatmatytytmatmatmatytyirtnathiwritcwwbfitootpaywdykhmimyiwtwcgbitaistyimyliwtvfniwicfipyuawgbitiwtitsimyliwtvfntmatmatmatytytmatmatmatyty
Treacherous (Taylor’s Version),Red (Taylor’s Version),pylctmalatdtoofetettgtmaidaysiysiwyhaibstwabyqtsittpirtsitailiicdiiacgsaihtsomovaytsawaisabttgafgwtfbyftsittpirtsitilithsttsnaiwgyagyaynhetmmaijtystysktnsiwtdaiwfyfyhifyfyhthittdidthitiiithsttsnaiwgyagyaynhetmmaijtystysktnsiwtdaiwfyfyhifyfyhifyfyhifyfyhtsitili
We Are Never Ever Getting Back Together (Taylor’s Version),Red (Taylor’s Version),irwwbutftstiiiheclwhseoiamwysynswtycaaasbimyaisigctmrhtlfadisihywbuycmilyowcioalnbottityitywaneegbtwaneegbtygttyfttmfttmbwaneeegbtleirgmypfamffistiraywhaafypomwsirtmctmoycmuatbottityitywwaneegbtwaneegbtygttyfttmfttmttmbwaneeegbtoyoyoyoiutttwwfeaiutsnsnushcmuahlislyailijimtieyklwangbtlenwaneegbtwaneeogbtygttyfttmfttmbwaneeegbtwoongbtwoogbtyygttyfttmfttmttmbwaneeegbt
Afterglow,Lover,ibtoopnybpyijfsyddipyhbybotihrtabnfwatlibwngctibuttnuwihtbwilsmioyfaitbintshiamimhitowbudbinwimstihyidwdidwdttyoidwlidwltwyointshiamjdgmmitaisetsyljwlyuanlygtumlbtmtliwtfoillaipywswolsjcwihtbwilsmioyfdwaintshiamimhitowbudbinwimistihyidwdidwdttyoidwlidwltwyointshiamjdgmmitatmtysmtmtwbjfewilmmintstmtinmftmtiaywewibyhintshiamimhitowbudbinwimstihyidwdidwdttyoidwlidwltwyointshiamjdgmmita
Cornelia Street,Lover,wwitbdossttditbirapocsiscitcwwafpotdfitbawgaitslpiaahluhaihinlyhineinwcsattkhtcnminwcsaabigmbhtcsynabistoiyewainwcsainwcsawfroaajrmsiywbtrocsmtcitfbwwwcspgitywlmoipmblcsbyekiwgbtycsyhitabihttsotryaiihinlyhineinwcsattkhtcnminwcsaabigmbhtcsynabistoiyewainwcsainwcsayhmhotswmbttayawwjibitksnbtbmrlihinlyinwcsaonaabigmbhtcsynabistoiyewainwcsainwcsaidwlyhineinwcsaidwlyyirapocsiscitc
Cruel Summer,Lover,yyyyfdhitqotnykticioyyriwibbbstwapyktibioyyriwikmsotwiawfytbwbdrtdartewdkmmmwymaintsoybibtfigaiowoiacsictwitenribhbowoiacswyhyhlitgotvmindoyyriwiwstwjsiuitttwntoyyriwiscthsakiawfyjtcttbdrtdarteaiibybtltkointsoybibtfigaiowoiacsictwitenribhbowoiacswyiditbotcaiclabchftbosifbiwtidwksjtkyaisittggentsjtsmfoaisfwiwilyattwtyehhlugladintsoybibtfigaiowoiacsictwitenribhbowoiacswyiditbotcaiclabchftbosifbiwtidwksjtkyaisittggentsjtsmfoaisfwiwilyattwtyehyyyy
Daylight,Lover,mlwacatcilielwitltasmlticuityttbngidwlaaentisyidwtoaentitoyibsslia2dnanisdiosdlotdodtuasibtbotjiwtgaittwctaibitsmyrwtwartsdmisooesritttoocaodbimnibnnidwlaaentisyicnlaidwtoaentitoytwnbtsibsslia2dnniwaanisddiosddiosddddiosddddaicssiaimmaoyaomiioblwbbawbiggaicssiaimhbaffnysiybioblwbbrbigldldlddidwlaaentisyicnlaaidwtoaentitoytwnbtsibsslia2dnniwaanisdisdiosdaiosddddiosddddaaicssiaiosddddaicssiabaffnyiosddddioblwbbrldigldygsitdaligjligligiwbdbtttilnttihnttiaoiaoottthmitmotniijttyawyl
Death by a Thousand Cuts,Lover,mmmmmmmmmmmmmmmmmmmmmmmmmmmmmmmmsgidbatcfwmuigdbinectmcaynmbilttwotletwbtucsfhcicpiowinidbatcidtkmtittlwhiattliibatsidkawowoinonisyetotwsitstysiwagloftabitsowaiswpcsgidbatcfwmuigdbinectmcaynmbilttwotletwbtucsfhcicpiowinidbatcmhmhmbmltfapomtydtguomliwabdnisfsiahcosofuwsocgiwallqmfwttoyhpcsfoppmtmwmsmttfapomydtugysmbiwebibaijatcigdbinecynmbilttwotletwbtucsfhcicpiowinninidbatcydttfapomtydtmbmlmtidbatcbiweiwennittlwhiattliibatsidk
False God,Lover,wwcttcttttcwrhisidfywwstjitosurhiftyaicttywyltsotwlinyftinycisdifybtawuatlttstrghayglwylbbfbfbwmjgawiriyleiiafgwswwmjgawitaimheiiafgwswtlwswtlwswtlikhatigtwytmhhiwifwybwcpiugmcawbffgtwfyaycttmwiltdytlmjsictasyytwvysdifmbtawuatlttstrghayglwylbbfbfbwmjgawiriyleiiafgwswwmjgawitaimheiiafgwswtlwswtlwswtlaswtleiiafgeiiafgswtl
I Forgot That You Existed,Lover,hmddistbhydmwwwlitsywttaomswgggaicgafyimfmtdsyynomltfrlimmbtshomniftyeaittiwkmbidaiwsnspaqiftyeiiliihijiiftygospasamrsgdddlotsyasaituahtgggaiwsafywftwtsywbrtfreinctysbyswyatomniftyeaittiwkmbidaiwsnspaqiftyeiiliihijiiftysmacmtmshlijfwtwiajabiftyeaittiwkmbidaiwsnspaqiftyeidididiihijiiiliihijisy
I Think He Knows,Lover,ithkhfotsltwicsgtenithkhhaacgmmwktblimhgtbltiliamiaaaidutpili1nunouhgmhsd1agtaimwswutaliwybmsaiagthithkithkithkwwgaaimmahahwmtsithkhblidoiwsacgonwhhgtbltiliamiaaaidutphsowmabiubiuhgmhhsd1agtaimimwswutaliwybmsaiagthithkithkiwybmiwybmiwybmiwybmslsiehomtwcftsidlsiehomtwcftsidswwggiwitdwwggithkhgmhhsd1abgtaimimwswutalyiwybmsaiagthithkithkiwybmiwybmiwybmobiwybmshgmhiwybmsd1abiwybmiwybmsaiagthithk
It’s Nice to Have a Friend,Lover,oosbrwmhsccislmgygmowhoyslfvgypmansitinthafointhafolpsuotrssdnc2qwtttybsolymtsgytnttmhinthafointhafocbrcmhrotgllscmbcybhmbyedflhsibtwwinthafointhafointhafoo
London Boy,Lover,wcgdiomsuykjrloiilmhamamilsaykilsfbjtwbshihhlistdfatihtatshiwthibtnwmlykilalbiewcmitahlmaslacwoemdifytmbthmaohbmsigatratykilalbbifyoanilhtsfuatweycfmitpwawrwhsfsmagsarcrbdtmwagttshiwthibgilteykilalbienibsitahlmaslacwoemdifytmbthmaohbmsigatratykilalbbifyspsmhdhtblvuobsjwbwywbwyswmiyqlatsmothjwbwywbwywbwyoykilalbiewsditayhlmaslacwoemdifyytmbthmaohbmsigatratyykilalboboifyifyospsmhdhtblvuobsjwbwyiiifyowoiswmiyqlatsmothjwbwyowbwyifyyifyowa
Lover,Lover,wcltclutjatiopwmtratadhamwaydhikytsotycigwygcwabtcfaeatmoatmhymmmmlwclofcitlrtiopwmtcaihstewsywyilytsnhbiweacigwygcwabtcfaeatmoatmhfaeymmmmllagwypswegssomhittmfoamtbmlmhbbayhbbawtewteuwystboattmlaysaydjfmaaetisyaslcigwygcwabtcfaeatmoatmhfaeymmmmoymmmmdymmmml
ME!,Lover,iptynfalmiktiahbuikintbijaytkgtlwatalccotiktiwpotpinlweaatgfwigatalccotboottinltolarwaotcbdwictaliptynfalmoitooombttfomeoytoooybttfoyaiptnglylmikittmiamikyngjwysbiwnbybatallgotawwhtfoitryramacmninwsywaatallgotcoottinltoliwiaysbdwictaliptynfalmoitooomlmkyceoytoooybttfoyaiptnglylmgtaniitbyktiamstbuottiptynfalmgtaniitbyktiamaycsawmiptynfalmyoaiwybitooomitooombttfombttfomeooytoooyobttfoyaiptnglylmgtaniitobyktiamitooomobttfomeostbuottycsawmytoooyyybttfoyaiptnglylm
Miss Americana & The Heartbreak Prince,Lover,ykiayicfytiwa1liafswhqmbpilitlagfbmnifhrumpdrtrtistsarfmlanccmpsicdicmtsyttsytibaltcbiyamtmwwtwithsabbgotwsirfdypsgywspiyamtnltmaathpowsswpttbvmltrawymtilbabisthfbtbglwmhhyatoowstcasbbmifhtdadbwbbtwatwmdisanccmmcicdicmtsyttsytantsicbiyamtmwwtwithsabbgotwsirfdypsgywspiyamtnltmaathpowsswpttbvmltrawyaidwytgidrwfcngwityschaidwytgidrwfcngwityschaidwytgidrwfcngwjtyskainlygciktiaftswgwiyamtmwwtwithsabbgoijtyskyskiyamtnltltmaathpowsswpttbpibvmltrawyaidwytgidrwfcngwityschainlygciktiaftswgwjtyskiyamtmwwtwithsabbgsabbg
Paper Rings,Lover,tmihlyfwtntwfmwhattsyotiniraotbbybtwicltstigyitscamfamototniwuitnawybakmocykihalnokmtcigbauttciwmwl121234ilstbimywpruhtrdytoiwaihaewwwffttuhtrdytoiwipripfiddoytoiwitwitiopwyjifiwitiwyeiimmbwtmbttctwpybwhwatefafwwbshstsakyocikyhalnokytcigbauttcywywl121234ailstbimywpruhtrdytoiwaihaewwwffttuhtrdytoiwipripfiddoytoiwiwtdawyiwyctiwydmwyaambbiwtdawyiwyctiwydmwyaambbuhilstbimywpratrytoiwihaewwwffttadytoiwilstbimywpruhtrdytoiwaihaewwwffttuhtrdytoiwipripfiamdytoiwipripfiamdoytoiwytoiwoiwytoiwoiw
Soon You’ll Get Better,Lover,tbomcwtimhidolidtyiwstwtftwwthobeniptydpffsniptjtaistyosygbosygboygbscyhtikdwisiitmyltnnymtboabdijpiiriptknibutsikingitnadtiwtaistyosygbosygboygbscyhtaihtmtaambwaistttwaistditnytwgbtniiewibyohaiksibcihtoygbosygboygbsosygbosygboygbscyht
The Archer,Lover,cirfcisidwtbwiidccwitmigahtsiastyetcetgijfttiroainguigsohmhotyibtaibtpwcelmdbwcsdsisfydsbwiiarrrhaicomnjtsmftihmrfyayiwitniplagtriofisaaomhdaahmhotyibtaibtpswcelmdbwcsisrtmisrtmctsrtmtsrtmtsrtcysrtmtsrttsrtmisrtmisrtmatkhatkmcpmtacaomesofhmhotyibtaibtpwcelmdbwcsisrtmisrtmwcswcswcsycsycscirfc
The Man,Lover,iwbciwbctsiptfbifstctatwbofmtdecihmwmmmoabtyibaflibaatwebywtlissorafaicwiigtqiiwamaissotcamaciiwamtibtmibtmibtmtsihpitwtwsthaqhmotidwiwwiiwrcabsfmgiapmatwttmoltppibjllisissorafaicwiigtqiiwamaissotcamaciiwamtibtmibtmibtmwiltbaridagbamaiagiybaioiymiiwofmdibabnabtpmotbbsiotimissorafaicwiigtqiiwamyktaissotcamacamaciiwamiiwamtibtmtibtmissorafaicafaicwiigtqiiwamhaissotcamacamaciiwamiiwamtibtmibtmibtmoibtmyibtmibtmiiwamtibtm
You Need To Calm Down,Lover,yastidkbytsamlipaijldi7asiitstakbysiiattacaijlhayoaiatmwysbilaltsaobseinfasasnbmbsoooooyntcdybtlaijlooooooyntjslcyjnsomgyntcdyastwdkbycamflamwaymwycbgycbgsotsatpbywrbitdamtsmtanyjnttssatttrtpacyutsaatpyhcsnmalgsoooooyntcdybtlaijlooooooyntjslcyjnsohgyntcdawsyototicatgwakibwfyowaknwagcyntcdoooooyntcdyntcdybtlybtlaijlooooooyntjscyslcyjnsoogyntcd
All You Had to Do Was Stay,1989 (Deluxe),hhhhhhhhhhhhplyawbtltgaaplmwbywysyctmitaintlikaikityduotrshayhtdwshmitpoyhtwyhtgalmowilyishnysywibntijtlwcbeayhtdwsayhtdwsayhtdwsayhtdwsayhtdwshyancmubidkwtsibputpotmymplyawbtltpabplmagfwysgshayhtdwshmitpoyhtwyhtgalmowilyishnysywibntijtlwcbeayhtdwsayhtdwsayhtdwsayhtdwssssslmrytwwywoooyeiywaiwooobnltnltnltoayhtdwshayhtdwshmitpoyhtwywtgalmowilyishnysywibntijtlwcbeayhtdwshayhtdwshmitpoyhtwyhtgalmowilyishnysywibntijtlwcbeayhtdwsayhtdwsayhtdwsoayhtdwsayhtdwsoayhtdws
Bad Blood,1989 (Deluxe),cbnwgbbykiutbmlstalwydcbnwgbbhnwgpaidtwcseymardcabnwgbbhdyhtdtiwttycbtdyhtrwwsniardyhthmwiwbicbariisdsitwlylramoissttatgtyaicbnwgbbykiutbmlstalwydcbnwgbbhnwgpaidtwcseymardcabnwgbbhdytwbfsgsombfyksdtiitptkowtlatlndytiatattwcutyatchbtwsiycmwjdoissttatgtyaicbnwgbbykiutbmlstalwydcbnwgbbhnwgpaidtwcseymardcabnwgbbhbdfbhyssjfsiylltylwgbdfbhyssjfsiylltylwgiylltbrccbnwgbbykiutbmlstalwydcbnwgbbhnwgpaidtwcsetwcseymardcabnwgbbhcbnwgbbykiutbmlstalwydlwydcbnwgbbhnwgpaidtwcseymardcabnwgbbh
Clean,1989 (Deluxe),tdwtvwoowtftwgtdotiwmamobafooysaomlawdicwahmhailtwatstblapsrcpdwiwdtwicfbabmgwatoyitiafcooootwnltdoowtbttdtcmwrsipahitrooltfcaampoytwfmlisslbnohatrcpdwiwdtwicfbabmgwatoyitiafcooooitiafcooooooositiafcoooooootmsimajbycdmydmitmoiwginticingritdwtvwoowtftwgtdototrcpdwiwdtwicfbabmgwatoyitiafcrcpdwiwdtwicfbabmgwatoyitiafcoofctifcoooooootifc
How You Get The Girl,1989 (Deluxe),oooooooostlagsftrrsoutdasayisibalsmaywtatthwywwathiwthygtgatysiwyfwofbiwwfaebyhipibtiwwfaeathiwthygtggooathiwthygtggrhhiutbbywpifokoccthhymhlymowylhaaanthwwathiwthyltganysiwyfwofbiwwfaeeaebyhipibtiwwfaeathiwthygtggooathiwthygtggyyaykooooooooootidwytgoormhiutbpifokocasywmyatysiwyfwofbwofbiwwfaeeaebyhipibtiwyfaeiwwfaeathiwthygtggtihiwathiwthygtgggtgthiwathiwthygtggooooooooooathiwthygtggooooooooooathiwthygtg
I Know Places,1989 (Deluxe),iiiiiiiiiiiiiiiiiiiiiiiiiiiiyswyhomwiasawohipsichtwawpbiabsbsshwefostvcdclaflficboicboctgtctgtbagtathwatfawrbikpwwbfatbctttttudciikpwchikpikplfawrftfltswtwwwhillssatdtnttjgmhadedimltathwatfawrbikpwwbfatbctttttudciikpwchikptathwatfawrjgmhadedimlbikpwwbfatbctttttudciikpwchikptttsbwbikpaykfmiayikpitdonyesgikpaikfyiamikpiiiiiiiiiiiiiiii
I Wish You Would,1989 (Deluxe),i2aiycwdypmstmsysiitpydsayttihyncysdkwinsiwywcbwinhutplidiwyktinfyalailaiwywrhrniagiwywi2aimrhptwpitoywacliasldmywtrahbimytrbaiwywcbwinhutplidiwyktinfyalailaiwywrhrniagiwywiwwcgbarwwwffaiwyktimytmtbmaaiwywrhrniagiwywiiiiiiwiwiiiiiiiwiwiiiiiiiwiwiyakhtpmbygmeantmmlmycrtsbwysiwywiwywiwywiwywiwywiwywiwywiwywiwiwi2ahwasyfhmvitdwacliasldmywrahbimutrbaiwywcbwinhutplidiwyktinfyalailaiwywrhrniagiwywiwywcbwinhutplidiwyktinfyalailaiwywrhrniagiwywiwwcgbarwwwffaiwyktimytmtbmaaiwywrhrniagiwywiiiiiiwiwiyakhtpmbygmeantmmlmycrtsbwysiwywiwywiwywiwywiwywiwywiwywiwywiwywiiiiiiwiwiiiiiiiwiwiiiiiiiwiwiiwyw
New Romantics,1989 (Deluxe),wabwastoewwfttjacwsoodsltmmibwsybwotrtrwpdbwkewwdwctomitbhlijacaaaaaacbicbacooatbttamaedilabbenwuiladbwtnrcocawmhitnawsipwatbdtgkoofbwtnrtbpilafwahtlanabwhbiaittiphcsiimfbiatpmaawnlbawwidwtutsslarctratacbhmotataaaaaacbicbacooatbttamaedilabedilabbenwuiladbwtnrcocawmhitnawsipwatbdytgkoofhbwtnrtbpilafoooooooooscocawmooootbpilafooooptmhaptmdaplmsisrisraaaaaacbicbacobicbacooatbttamamaedilabobenwuiladladcbicbaccooatbttamaedilabaedilabbenwuiladbwtnraaaaacocawmhitnaaaaaawsipwatbdaaaaatgkoofbwtnraaaaatbpilaf
Out Of The Woods,1989 (Deluxe),lainiassswwloycirytapoutdtdtrotwwbawbwwiscairtawootwyawootwyawootwyawootwawitcyawitcyawitcyitcygawootwyawootwyawootwyawootwawitcyawitcyawitcyitcygawootwlainldldwwbtfatfbtbtoynhfmntnwcqfwwdwdtmtfswcdblwsactpafffairtawootwyawootwyawootwyawootwawitcyawitcyawitcyitcygawootwyawootwyawootwyoawootwawitcyawitcyawitcyitcygawootwrwyhtbtstsithrwyscbidtbwtscuiwlayrwwctthiwoisisyfbtmtotbjtwtscuywlamywlamoywlamawootwyawootwyawootwyawootwirawitcyawitcyawitcyitcygoirawootwyawootwyyyawootwyawootwawitcyawitcysawawitcyitcygawootwyawootwyawootwyawootwawitcyyawitcyyawitcyitcygcygawootwyawootwyawootwyawootwawitcyawitcyawitcyitcygdyrawootwyawootwyawootwyawootwawitcyawitcyawitcyitcyg
Style,1989 (Deluxe),mycapmunhaldceibfopfivoibawsihehfyhfyaisjtytlcikewilbiwugraretygtjddliyeaigtrlcttylawwgcdwcbetcwngooswngoosygtlhsbwtaigtggfaatlsawwgcdwcbetcwngooswngoossighckhweotrmtmhtlaohtohcmyisihotyboaawsogsoghswyhitbicstbyaiisibttaftcygtjddliyeaigtrlcttylawwgcdwcbetcwngooswngoosygtlhsbwtaigtggfaatlsatlsawwgcdwcbetcwngooswngwngwngoostmhjtmhyjtmhowooosoygtjddliyeaigtrlcttylawwgcdawwgwcbetcwngooswngoos
Welcome to New York,1989 (Deluxe),wtactviakolhucehwsmsfaswhhbaiswtnyibwfywtnywtnywtnyibwfywtnywtnyiansicdttbbftlasbbtnbmmwtnyibwfywtnywtnywwfdoboaftobhptiadehwsebaycwwywbabagagwtnyibwfywtnywtnywtnyibwfywtnywtnyiansicdttbbftlasbbtnbmmwtnynyibwfywtnywtnylaglikyglarlielatlidycbykywcaaawtnyibwfywtnywtnywtnyibwfywtnywtnyiansicdttbtlasbbtnbmwtnynsibwfywtnytlasbbtnbmwtnysbtnbmwtnywtny
Wonderland,1989 (Deluxe),flawtawtawfdarhyhottmcnaisasoocdttudritdyfygeamhyhwbocmodiasnaeifyatamishswoeoanwfwyaigliiawpiclfeewfwyaigliialwnwbnbeeeeeeeeiweeeeeeiweeeeeeiweeeeeeiwswwoowtilttsaaosisbtwswawtttatttsodttudritdyfygeamdycmfwaccsodiasnaeifyatamiafagtsltmbdwfwyaigliiawpiclfeewfwyaigliialwnwbnbeeeeeeeeiweeeeeeeeiweeeeeeiweeeeeewiwirfybywgikihtgbhystwfsetmyflwwhaiteiwwbwmowfwyaigliiawpiclflfeewfwyaigliigliialwnwbnbnbeeeeeeewfwyaigliieeeeeawpiclfiweeeeewfwyaigliiliieeeeealwnwbnbiw
You Are in Love,1989 (Deluxe),oldrmjfytmtfypibboacljnpnmbysesthdcamtlrtcoynhsluaysbnpotbyfeychiitssssyycfiotwhwhwhwhyycsiwtlolololoyailtlyailmhpbtsykhshkhwafoylgoyfaygosnmbiseykosyfaytonhwslohfptsymbfaykwiwhiilychiitssssyycfiotwhwhwhwhyycsiwtlolololoyailtlasigytadiasgrarahkapoyihodayunwtltmaftwawismwlttpiiwcychiitsycfiotwhycsiwtloyailtlyailychiitssssyycfiotwhwhwhwhyycsiwtlolololoyailtlyailaychiitssssyaycfiotwhwhwhwhyaycsiwtlolololoyailtlyail
Blank Space,1989 (Deluxe),ntmywybicsyitmmhssytaitomglatfyllmnmlagwpanmsaticrylamaifrfaikyhamshlbfidtshtoegypamhicmtbggfawsigbfoiggdifyctmwiomithwwtpgalloettyiicykiltpayltgcwyawrwttwtfilybmowansgalloettyiibigabsbaiwynclcsicsyitskplytkbiyqfowywbtgfamwtwiytconscpsicmatttrgfwtkysglomgwisigdojbycbetylcdiandladsigbfoiggdifyctmwiomithwwtpgalloettyiicykiltpayltgcwyawrowttwtfilybomowansgalloettyiiibigabsbaiwynbowliitdsidsidwybowliitdsidsidwysigbfoiggdifyctmwioomithwwtpgalloettyiiiicykiltpayltgayltgcwyawrywttwtfoilybmowanswansgalloettyiibigabsbaiwyn
Shake It Off,1989 (Deluxe),isotlgnimbtwpsmtwpsmigotmdhbicmtsaltwpsmtwpsmbikccswsmiligtmimmsigbactpgpppppathghhhhhbijgsssssisioisiohgbbbbbatfgfffffbijgsssssisioisioinmabilomfatwtdsmtwtdsmidomodomoimtmuaigmuaigatwtdkmtwtdkmbikccswsgiligtmimmsigbactpgpppppathghhhhhbijgsssssisioisiohgbbbbbatfgfffffbijgsssssisioisiosioisioiiisioisioiiisioisioiiisioisiohhhjtwybgdaoatlatddcotwycbgdttsbmebhngslomgbijgsattfotwthghwycoobwcsssyoooctpgpppppathghhhhhhghbijgsssssisioisiohhgbbbbbmatfgfffffafafafbijgsssssisioisioiiisioisioiiisioisioiiisioisioiiisioisiosioisioiiisioisioiiisioisioiiisioisioysioisioiiisioisioygtiiisioisioiiisioisio
Anti-Hero,Midnights (3am Edition),ihttwigobjnwmbmawmdwtgsaotpigstitrisnbltmodtcwpavieuictaoatiwusfdodiwaylcygtomsftltimhitpimateaisdatsbnitmimbearftasifleiasbaiamothtbthosltyfcptthbnkdyhmcnidaalskocataoatiwusfdodiwaylalwlaimftltimhitpimitpimateaisdatsbnitmimbearftaihtdmdkmftmstiltitwtfgrariatssosluaufhimhitpimimhitpimimheaeaimhhitpimitpimatteaeaisdatsbnitmimbearfta
Bejeweled,Midnights (3am Edition),blitibaltkdnywaompomitsigyaappsfowwyittfabtwigotbbisbwiwitricsmtwpsawimtbtadyhamicssidrfbcdpmitbwiwtpoyhdimeipuripurnnbbitibtgoagtgoagdatectggoacititttslimymwhhyhhicrtlaimymybimsnbbisbwiwitricsmtwpsawimtbtadyhamicssidrfbcdpmitbwiwtpoyhdimeipuripurnnstomfsbmwsbsgsmamjchwhawdanaycttcmmbymhtwilwaggdadgsbbisbwiwitricsmtwpssawimtbtadyhamicssidrfbcdpmitbwiwtpoyhdimeipurnipurnawdanaycttcmmbymhtwilwaggdwaggdipunbbisbwiwitricsmtwps
Bigger Than The Whole Sky,Midnights (3am Edition),nwabmitassomeaimeestitbswsciaonaotsgggywbttwsywmtjastaigaltpaigaltlwingmwcbwbwsbywcbwbydsbfiwoiadsftybidpesttchtiaciaoinmtbsiswidbgggywbttwsywmtjastaigaltpaigaltlwingmwcbwbwsbywcbwbywcbwbwsbywcbwbywcbwbygggywbttwsywmtjastaigaltpaigaltlwingmwcbwbwsby
Dear Reader,Midnights (3am Edition),driiflatyaiodrgoympsajrdrbatfdayplaiydrytmydirntafswfantafswfaysfadrbwycswyhtdrydhtajctayysfadrtgoliysdrwyaatdmsydmntafswfantafswfasiwttniphipsmfdimhtdpoacmsotyffbddpywtmwfiiykwwtiykwiwwtahnahaacntwipimpamfffwcnoswylwypsysfaglglbissbysfaglglbissbysfaysfaglfaysfaysfa
Glitch,Midnights (3am Edition),wwstbjfydlimpotbmisyoswdowkomasiiawimsittbagoyfslifmtywasoyainesnassbmimbcittbagoyiwstsyoisoghohosepbibtondoolbolibotsbdtsbdittbagoyfslifmtywasoyainesnassbmimbcittbagabiasmigbtwdwgnitwhncatrldgoyfslifmtywasoyainesnassbmimbcimbcittbag
High Infidelity,Midnights (3am Edition),lbsswogtidkywkcrsbhysiwfidkywkchipoyrarmibtttftiwdadaihipoyhabmcypfisakiwdadaidyrwkwiwa2dirhtctcihescghbodmfrdtaathlgmipiyjkmsltrtattyktmdwtycktoyltswinltedyrwkwiwa2dirhttyhhbmbtlhipoyrarmibtttftiwdadaihipoyhabmcypfisakiwdadaidyrwtkwiwa2dirhtctciheyktmdwtycktoyltswinltehipoyrarmmibtttftiwdadaihipoyhabmcypfisakiwdadaiotmdwtycktoylaineinelbsswogtidkywkcrsbhysiwfidkywkcboywkc
Karma,Midnights (3am Edition),ytsfthoiatbbyryttldciydystgoeybjtgticbaaikmsotscywkwimckimbkiagkitbimhotwkartayetfyinslhkiacpimlcilmflagamakvltskotwylwoompmyctmotmtdyktcatopicbaaikmsotscywkwimckimbkiagkitbimhotwkartayetfyinslhkiacpimlcilmflagamakvltamwilfatyamwiefattamwsmfbishishishckittrygkoyslabhkgtydsbsftttsljkiaqktamfttskitgotscshtmckimbkimbkiagkitbimhotwwkartayetfyinslhkiacpimlcilmflagamakvltkimbkiagaumkart
Labyrinth,Midnights (3am Edition),iohtmrnwwiwttwtbibtbdboibgoymwlykhsiaoentiiirficluifilonifilaoifilittpwgdhytiraioftrrnlitlommbubfbtbdywbybtmmbasykhmihtejemtbbjltuifilonifilaoifilittpwgdhytirauifilonifilaoifilittpwgdhytirauifilonifilaoifilittpwgdhytirauifilonifilaoifilittpwgdhytira
Lavender Haze,Midnights (3am Edition),mmamsatcwyoydestmaydrrimmibusyoyyhibyoyatsintmyoyiftlhcuomsidiidgadwpsndt1stwfmijwsitlhatkamatkamiiigbybtokgtsokgtsiaooawifidyoytbumhyoybywelyoyiftlhcuomsidiidgadwpsndt1stwfmijwsitlhtlhtytagvijntlsgioycgiomdgiomdtytagvijntlsgioycgiomdififtlhcuomsidiidgadwpsndndt1stwfmijwsitlhgioycgiomdtlhijwsijwsitlh
Maroon,Midnights (3am Edition),wtmcwwcioyvscwltotalwmfiyllywmcfhweuotfaysyrcsrthisyednaicytoiwdwinynsluatsaiwtbomtwysywimahtbrimcssiwtmtsomctrtgbttliutchssiwmwtscwwsbahhthdwlsouaswyhiyhattwsaeywshithcyhtwrtuifynmwtrtiguailytoiwdwinynsluatsaiwmtbomtwysywimahtbrimcssiwmtmtsomctrtgbttliutchssiwmaiwwymomtarflliwmaiwwymomtarfltltbomtwysywimahtbrimcssiwmtmtsomctrtgbttliutchssiwmiwmiwm
Mastermind,Midnights (3am Edition),ouattpatfaatsayaieuitsratstattoahltfoacroctateoyciclwiitynoiwaatfntysmnwgsmiltgatjlctdcialwiityiamanymiwabdciamysatwwhtditwcwwbtbtpielgiyftpyptfsstsfttitwiofsatliocwiitynoiwaatfntysmikiwybiltgatjlctdcialwiityiamanymiwamdciamnowtpwmaalksibslacestmtlmamisetitftiftntcaisiocamcicsitynoiwaatfntysmnwgsmiltgatsawsoyfyktetyktiamanymyaydwsciam
Midnight Rain,Midnights (3am Edition),rhwiciwtphwabiwmmonctfhstsaomclmmtwawfocfofpqabpbfsiwpmbwamaslpjotitoibhhchwnhwsiwmrhwiciwtphwabiwmmonctfhstsaomclmiclapppsfhpcbfhiedsiptawadpttatlwuatligachwsiwmrhwiciwtphwabiwmmonctfhstsaomclmrhwiciwtphwabiwmmonctfhstsaomclmigswagjwwwjwwwahntomefwiotigswagskohskohaintoheomltmltmlt
Paris,Midnights (3am Edition),yesmsaacahkhtoiwtgyhuwaaswzaatowt2udystpnidbttisiltimsbdamoybcnidstncwwsesdpacwmbiciwtbtvlwwiplwwselwwipowwsepsotdaompaotwwrindiykijylaatmmsqbmsitsantkttimtkuwathgisiltimsbdamoybcnidstncwwsesdpacwmbiciwtbtvlwwipolwwselwwipowwseiwbyilmfiwtytstcccmtissclltoflbttamimmwdamoybcnidstncwwseiaadccwwipywwsemlwwipywwse
Question...?,Midnights (3am Edition),irggsbbcwcwhotgoistiwscidrwiwbypamnacisfsbotaafscmaihtsbtwijmlseciayaqdyehskyiacraesooyfwmfoybfsltwcttwdyddylhhitmotnodywypumoafowssiwtmdywycsthijaqhebsdyrootswoymwsdgtystnbywosiwodaafpagraynsaidkgsaitgijmlthacciayaqdyehskyiacraesooyfwmfoybfsltwcttwdyddylhhitmotnodywypumoafowssiwtmdywycsthijaqdiflejlsbatmsawttihtyswhtnistwsarbtciayaqciayaqdyehskyiacriacraesooyfwmfoymfoybfsltwcttwdydddylhhitmotnodywypumoafomoafwssiwtmdywycsthijaq
Snow On the Beach,Midnights (3am Edition),onafmaisfowcblbimjhbypbutmlieaatcsmqlydamfwatfaiuttyailsatbwbfbfiadsbtpywmtfibicdnsiaalsotblsotblsotblsatsflwiosoasisabginsslfwbompmsiliwacathtwbsdaiftfitymitydtitnilsatbwbfbfiadsbtpywmtfibicdnsiaalsotblsotblsotblsaiiccsatjiiiddedtwibyeafsfapniafyljctbartciawflsatbsatbwbfbfiadfiadsbtpywmywmtfibicdnsiaalsotbsotblsotbfiadlsotbywmlsabicdnsiaalsotbicdicdicdicdlsotbicdicdicdicdicdicdicdicdicdicdicdicd
Sweet Nothing,Midnights (3am Edition),iswmltetaafaptwpuljddiypwafidiemwsootsteiceutsifmrhtysnotpasyitkhatyewfmwsnotwhiwapyswamthattooctsteiceutsifmrhtysnotpasyitkhatyewfmwnidasdashogeoatvtiysbdmtyicatijtsfaoiotsteiceutsifmrhtysnotpasyitkhatyewfmwsntsteictsteiceutseutsifmrhtysnotpasotpasyitkhyitkhatyewfmwsn
The Great War,Midnights (3am Edition),mkwblvspwcyaissimtostybdttbuamiwesmiwhfotbcbtmiabatbccusdwomhwtoyrfattgwarutotlivntcaiwstgwydusgftidccdmpaaysihttmfbdidywpwfamitpttsftctmtpyftyndsijiatbccutbwcmhwtoyrfattgwarutbeivntfaiwstgwuuitisbsithgasibbyfomhtsdotigluamwhatbabsicotttwtninlyirtilywcpamgsasppapimhtnmgiwwiwfawwngbttbccutwwomhwtoyrfattgwaruwbfbiviwabycwstgwuuiwabycwstgwuiviwaby
Vigilante Shit,Midnights (3am Edition),dtcesetkamydsbtbitwotsiwwobylltslckaimtiddfwiddfmlibdfridssbictyhiedgsgesotwiddfflibdfrsnchpsighsshtewytsgifnsgthgtkgtppmtatwyeaslspdiyblsbdfrsdssbsctyhiedgsgesotwsddfflsbdfrlaralkwpwssakaftlshewhwdlacaomsthwcttfaiddfvofiiomvsaidssbictyhiedgsgesotwiddfflibdfr
"Would’ve, Could’ve, Should’ve",Midnights (3am Edition),iywbtiwlaatfgiytpycsmoatfcaiiwspdisoapgmaiiwacdimiygtwyhoaiutdwpwcsiynlmwiwsomkaidsnwdwtdanatghtittpwhantigisogmflwantikiwylmwiyntmiwgawtriinbttcnwataiynsmfbicgoaiwblymmfiatytteuoyacomfwcsiiopisiwsomkaidsnwdwtdanatghtittpwhantigisogmflwantikiwylmwgrmsimwiutbttwcsgwimmiryatticltgifwyimstwwcikowfasiryatticidtwwtdyotdobyailfttohywihgmbmgiwmfaidsnwdwtdanatghtittpwhantigisogmflwantikiwylmwgrmsimwiutbttwcsgwimmiryatticltgifwyimstwwcikowfasiryattogrmsimwiutbttwcsgwimmiryatticltgifwyimstwwcikowfasiryatt
"You’re On Your Own, Kid",Midnights (3am Edition),swastysipicwtbotiwphgnmiowtbofaihiiyvyswybitmpaiiyfidcttidogotjowcmmsamdfsstfaiwatsytistpobbjtltyncyoyokyahbistgesldmiptphlmnsdbwimripmsitplirafsstfaicatttmtistpobbjtltmdaryoyokyahbfsstfaigmbsatftihpasmblibsbapktjwfittmmffhdkwtsilaiabgaisstctactwptwtbbeyliasytsmtfbttmatiygnrtbayoyokyycftyoyokyahb
A Perfectly Good Heart,Taylor Swift,wwywbapghwwywtolatiaanwwywmtvfswwywbapghmisstssrtwotwarbtdiyetiwbtotfnmwysiscbtywwaidmstmbwwywbapghwwywtolatiaanwwywmtvfswwywbapghinuainuahdigibtwiwbwwywbapghwwywtolatiaanwwywmtvfswwywbwwywbiwwywbapghwwywtolatiaanwwywmtvfswwywbapghm
A Place In This World,Taylor Swift,idkwiwsdamcisttfiodkwdtrijwttsttrcdetintoowftwidiaomoataikibsibwoblgooijagttfapitwgtromobjaiwmhomsfltgtscytmwmdinatjamoybtoiaomoataikibsibwoblgooijagttfapitwmijagoambirtfiaomoataikibsibwoblgooiaomoataikoijagttfapitwoijagoijagoooijag
Invisible,Taylor Swift,scstwyeluwyssnnhysaswswbaycsmwytwywhbyaetmaijwsysdekysnglyliwtayjsrtmbiyokmwcbabmuiojioyotafioytchbstsngstlnmwydaaitaihtmytomaetwcbaijwsysdekysnglyliwtayjsrtmbiyokmwcbabmuiojilsiaflowiijwoyeamyrijwsysdekyblmlylmwyyjsrtmbiyokmwcbabmuiojioyscstwyeluwys
Mary’s Song (Oh My My My),Taylor Swift,ssiwsaywnilayltstsitstplaodutjattouguafilaomsarteasommmtmbtthitbtsybmuywbtmyndyndtmbwowwobwidytkmarwytjtkyaiommmmwiwswsiwtlgyutsbyesslplaodutjattoutnbwrfilaomsarteasommmtmbttcbwtu2ariytaainiyntmtmbtttwhovfftsodsokgysottmlommmmafyhgacawwsaofsitaylamgdooktmbtttwwwdtaowtcaomcysidaidttmhwwmsmybwrobotvfpaattyaiaibeybeislayltstsitsommm
Our Song,Taylor Swift,iwrswmhuitfsohchgaofotswtoomhilattrdhsbiswisniwjthwdhasahsositssdsoltoywwwotpaytrscilaymdkositwyltfdmidkhaishawighfisaagihcpiaiwwutfpsaetdhgawobtoalatagtthwomwtmlbiadnatratntsositssdsoltoywwwotpaytrscilaymdkositwyltfdmidkhaishawighfisaagihcpiadihealttrwfstcatwagaoscositssdsoltohwwwotpahtrscilahmdkositwhltfdmidkhaishawighfisaagihcpiapiaoyooyiwrswmhuitfsohcigapaaonaiwdos
Should’ve Said No,Taylor Swift,istttswutststfeigyifoayenjlayfwystytiabgociwamowaysyyssnysghysttfyliagysktwbwydwhgbtmgbtmaisbtitboymisbamwysbbffamfyssnbaymshmycstibcabykatrttsbdyhemtbwcebtsysttpitpynociwamowaysyyssnysghysttfyliagysktwbwydwhgbtmgbtmaisbtitboymisbamwysbbffamfyssnbaymshmooicrbygtmtwiwiwswtnnnnnnyssnysghysttfyliagysktwbwydwhgbtmgbtmaisbtitboymisbamwysbbffamfyssnbaymshm
Stay Beautiful,Taylor Swift,cealajhsiltrhwsimwiwtnktpgoectwhahwhsdhkwyekybelpldykyrgbsaaawyfeylfihyllybtmdobiidsbcfawtbthomditpimmsicsefardihtmacwhtmbaisshbtwybelpldykyrgbsaaawyfeylfihyllybtmdobiidsbiyaiaastngtiwyaiadingthalykybelpldykyrgbsaaawyfeylfihyllybtmfdobiidwysbbbbbblooobiidsbsbnn
Teardrops on My Guitar (Pop Version),Taylor Swift,dlamifasshwstiwainetwsbibsbtghtaasgetihtlwdttmilcijsfticesawhwmhshsilhfgiriwihkhaitaanhtrfttomgtottkmwoawshtsitciksdkwiddwbmchtticbathgsptkofiwicbsbhhtghahllitbeakslchtrfttomgtottkmwoawshtsitciksdkwidsidhaaitotliphpdamgsstchtrfttomgtoowgefmtbmhhtsitciksdkwidwidhtttubtneahatintfidlamifasshws
The Outside,Taylor Swift,idkwiwfwiwlfarikidrbtlabigntgittttrltbbnstwtfftairshciettbbnelmiicssytatbvotoliibalolpinbotoysmtbnktiwgiautbapotapoyaniatlsysychiyhwtbnonuitltdahciettbbnelmiicssytatbvotoliibalolpinbotooyhciettbbnelmiaicssytatbvotoliibalolpinbotoooooo
Tim McGraw,Taylor Swift,hstwmbesptgststnistaljabiactthatogsobanaiwrtbhaslatttwwutftsgbwyttmihytmfstowdtanltmlasotlwythihyttlbdtomhoycamofbjwyttmihytomssamotatgtywhtsmltbiabbmbialtynrftsbihntfiaalbalboaotintbwyttmihytmfstowdtanltmlasotlwythihyttlbdtomhoycamofbjwyttmihytomaibftftstisoysatalloydatfttyriwyttmihytmfssytyroihitybttpwythihyttlbdtomhoycamofbjwyttmihytomotommhstwmbesptgststnistal
Tied Together with a Smile,Taylor Swift,stoowdsybitfitmlbayywahtynpbtntcikyhobylitwhyjiialganoktycbydtatymnbtgoayttwasbycuoigittlwaywcygialiechiweuihppbhlyolapitrocinhptpinhptphobylitwhyjiialganoktycbydtatymnbtgoayttwasbycuooohobylitwhyjiialganoktycbydtatymnbtgoayttwasbycuoyttwasbycuoogbwasbbo
Cold as You,Taylor Swift,yhawocetmawytyttvbomsisafcintfsaydwywcinwywowaswaregtapdjwaanudwtywnsantishtitinbacayypuwaptaasogaistlyawtaaaycawaglsoamoadwtntayowaswaregtapdsjwaanudwtywnsantishtitinbacayyndgadthbiccfyaikywhtniiddfydfyowaswaregtapdesyfisccatsymantishtitinbacayo
I’m Only Me When I’m With You,Taylor Swift,fnbtsiafbyyyaiappitsaswdsatjlttcseinirhbmsaikeayidwlwyiouwynddwfiysotgilnmwidwydmchtttohiottlyktwifitaiomwiwyjasbagliacwtfowiaitaidtthmtmsomdftiangmlydaykeamystyclwmiouwynddwfiysotgilnmwidwydmchtttohiottlyktwifitaiomwiwywiwaeishtbmaoycttiouwynddwfiysotgilnmwidwydmchtttohiottlyktwifitaiomwiwbwiomwiwywyuy
Beautiful Ghosts,Cats: Highlights From the Motion Picture Soundtrack,fmhiydtiwkwtlysitcwnotcomsiwftdwfmltswnbimmatiwwtbwtytwlsaahbinalyhsstctvodringliatmwllabalyhbgpntvcafolbtdohtwoattfwmstctmfabbaithjamdatiwwtbwtytwlsaahbinalyhsstctvodringliatmwllabalyhbgasmmhiwihkwitiwbbifsawtponaikttlisbiwaifatiwwtbwinwlsaahbinwtihsstctinkiltwtlmiatmwllasidwtbgatmwllasidwtbg
Macavity,Cats: Highlights From the Motion Picture Soundtrack,mamchcthfhtmcwcdtlhtbosytfsdfwtrtsocmntmmtnolmhbehlhbtloghpolwmafsbwtrtsocmntmagchvtatywkhiyshfheasihbidlwthhihdhcidfnhwauhshhfstswmlasawythhahawammtnolmfhafifsamodymmhiabymshitsbwacdtmnthorikhcacahfanfiafosyawtllatjcirowtmimoapbsotggibattprttwottmntmmtnolmtnwacosdashahaaaoottswettdtpmwtatstatcwwdawkimmmrganmtaftcwattjctotnocmmtnolmhafifsamodymmhiabymshitsbwacdtmmmmwacdtmnt
Breathe (Taylor’s Version),Fearless (Taylor’s Version),isyfimmaidacnoutiwgetwpapaswcombikmtsygaattmmmmtmsplteoasmitkoeydrwscitaiobydnidkwtbwyaawkinsnenacbnohtsmytotikltbomhaicbwybihtbwybihtnwtnwsyhelbitrittsbpapasidwoanwsigsuftfawkinsnenacbnohtsmytotikltbomhaicbwybihtbwybihti2aflijlafhykineefmi2aflijlafhyktaeefmawkinsnenacbnohtsmoicbwybihtbwybihtbwybihtbwybihtisismisyyisisisoois
Bye Bye Baby (Taylor’s Version) [From the Vault],Fearless (Taylor’s Version),iwjlamtrdstmcdtmsidaaiigycstitltidtwalitgaittgatfciislybicbbteitwomsbbbiwybbicdtnaaihiyscytmhbyjckmbbbbbbtpfieotdvjlmisywotdtbtyhiwssoeeitwahginditthatnfiflibapoypbbteitwomsbbbiwybbicdtnaaihiyscytmhbyjckmbbbatsmtictyaiwbinettaatpajstmhaissohtebbteitwomsbbbiwybbicdtnaaihiyscytmhbyjckmbbteitwomsbbbiwybbicdtnaaihiyscytmhbyjckmoytmhitywgkmbbbbbb
Change (Taylor’s Version),Fearless (Taylor’s Version),wiasptfbhysegwywaaykiatsataprhaygsoibibiwydaidatsitbttwccyfintwttputhubwfdtrttwcfutfwawshwshooswborancihtfwtfafwgsnfttnftmbbbwfansycwaswdntbtsiyeswcbtcttwccyfintwttputhubwfdtrttwcfutfwawshwshootwsgookffwwwfatyatbwlitfoolbwsuctiwtntccysinwtwttputhubfdiartyhucwngiawshwshh
Come In With The Rain (Taylor’s Version),Fearless (Taylor’s Version),icgbtelbidwgtaaikatsutydbidwgtatttwtttstttmwtrwalmkwyfilmwocittantcynjkirhhtyciwtricsuasyasbidwhtgtfaiigydikybhaydekwisttytttttttmwpyhadwftstcilmwocittantcynojkirhhtyciwtriwyslsynidkweicsilmwocittanfatgjkirhhtyciwtricgbtelbidwgta
Don’t You (Taylor’s Version) [From the Vault],Fearless (Taylor’s Version),hikiriysibawidmtsihsnlmissmyhbdydysamaamhibdysymmiydwmaydkhmifilysswdydyaaaaaaasirwtichyitbtjsicdmhkwttiisiwdtbdydysamaamhibdysymmiydwmaydkhmifilysswdydysiwoohtttgowmlaycswsfbidwpsiisyadydydysamaamhibdydysymmiydwmaydydkhmifilysswdydyaaaadyaaa
Fearless (Taylor’s Version),Fearless (Taylor’s Version),tsbtwtslwijrtagotpywmttcaykiwaytdrtitmotplyoywddtriwiykitshntgcunbyjscryhtyhammwyaidkhigbttytmhadmhffaidkwbwyidiasimbdfsbdstwrooritotiwsrhitpsypyeomitmnciricidkhigbttytmhadmhffaidkwbwyidiasimbdfoowystwmitdmhsinutwbypmiaialmbitfkifrsifoycidkhigbttytmhadmhffaidkwbwyidiasimbdfcidkhigbttytmhadmhffaidkwbwyidiasimbdfoooy
Fifteen (Taylor’s Version),Fearless (Taylor’s Version),ytadbaywttditmoyvfdyshtyfyasiawtasooewiyfyaygbhftnfyitthootsbwwayasykihsyabcwyfastytlyygbtawyffltntfowctttiitilbykwygbafysicntarnaaseybflatogwttscwbohasawcatyoyvfdahgacayflfaymwuaythtoaydryrwtnewtnecwyfastytlyygbtawyfayfkmyhsawiylydtgtdtbotftidkiafwaywwtbwwycgbatywyknbtisiwgmhsbirsbdomaageshtabwchmawbccwyfastytlyygbtawyfdftlbyfbiftchmaayjmfwystbidkwiwstbafllllllllyvfdtadbgtadbaywttd
Forever & Always (Taylor’s Version),Fearless (Taylor’s Version),ouatibiwatwicyeawcosihotnylmiteatmylmwyjkcistmttibdwansidfwabwhptmcosiwpnyhotdaisatphshcatyfslycfnaaayftwhsfaaoairiybeiwirwyhairwygciwtwysfaawiooldisswthmyrahlaslbiliyetikyfamninssshtecdtnhtstcmttcwitgtikfambidaaisatphshcatyfslycfnaaayftwhsfaaoairiybeiwirwyhairwygciwtwysfaaydmibidtsobubbudyfebubbudyfeciriybeiwirwyhairwygciwtwysfaaoisatphshcatyfslycfnaaayftwwsfaaairiybeiwirwyhairwygciwtwysfaaydmibysfaay
Hey Stephen (Taylor’s Version),Fearless (Taylor’s Version),mmmmmmyhsiklcbdbikisaliyaawwwwtidshttiwtoatgtraywibtowtewichsbymhmbidahtbacichiiyllaachiiiwkyitrscftmibfsimychiitnoemichmhsibhbtfsigsttstyhisiasitbinsnstwydtwywwytwysmnibwdyechswapalityaisstscichiiyllaachiiiwkyitrscftmibfsimychiitnoemichmtdtslypfmwayhtiwanscoacoapmnassshsicgyfrwisbtoycatogwtbbwtwasfyhichiiyllaachiiiwkyitrscftmibfsimychiitnoemichmiyllaachiiiwkyitrscftmibfsimychiitnoemichmammichmichmommmmmm
Jump Then Fall (Taylor’s Version),Fearless (Taylor’s Version),iltwysitmwotpawawirylitbsihehiltwickmfiwytydnihtwbaictiwsbtetysisaetysisfywoifybdbatjtfjtfimbinglystywbwmtcistiasjtfwiltwyhfiyfygtktmilefoyfoinbswuhiltwyeiewihtttioaaicsicctadbajtfimcetysisaetysisfywoifybdbatjtfjtfimbinglystywbwmtcistiasjtftbgdofuoficyicywpsttbytykicyttigcwysmyccbihyttnuyswoinybdbapjtfjtfimbinglystywbwmtcistiasjtfjtfbjtfimimetysisaetysisaetyhbisyisyycjtfjtfjtfimimy
Love Story (Taylor’s Version),Fearless (Taylor’s Version),wwbywifsyicmeatfsistoabisastlstptbgsymywttcashldiktywrywtpamdssafjaiwcotsbypdgaisrtmswcbaibwatltdirybtpaibtpialsbjsysisottgtsywkqcwditkscyeettfalwoocywriwaslamdssafjbywetmiwbypdgaisrtmswcbaibwatltdirybtpaibtpialsbjsyrsmttttmhtftlidbirdbawmiootmialsbjsyooaigtowwiywecamfiywfwimyotootaisrsmibfsaikwfybyncitimhidkwtthkttgapoarasmmjynhtbailyatairkittydgpoawdialsbjsyoooooocwwbywifsy
Mr. Perfectly Fine (Taylor’s Version) [From the Vault],Fearless (Taylor’s Version),mpfmhtsmlmiteatmywngaewrmibwfyamlmesduteiwbbysbtwwigtkmcohmlmaaifaiteimjtguedbiwtstyohmpfhyhabmmaatrpatrtbhmccmerayibmmsygaympfmntmwmnhtsmcmiashdlltbghgahdfheehmnwitymbdttrigyatscihhgharabgibpumhhbpuhaingpwypmtbiwtstinpyhmpfhyhabmmaatrpatrtbhmccmerayibmmsygaympfsdiywsssateoysywtysitbsitbrohssmawsfamiessfafaairsasisasciwmhtsnimgbasasmymmbbtybmtlgmpfhyhabmmaatrpatrtbgmccmerayibmmftltaympfypfmlmiteatmywngaysynga
Superstar (Taylor’s Version),Fearless (Taylor’s Version),tiwbichbfltanmrbmmcaaichbwicsyfikftfnpibbamrtsyystbsaatgitfrsynsdtstmtlickmeooyinosjawgwdilwygmapthomwsmlcawindaywmwwutybiataikwisyfibcdtwtsyystbsaatgitfrsynsdtstmtlictmeooyinosjawgwdilwygmapthomwsypibypgiiaekwyaaynsysmtsenftrsdtstmtlictmeooyinosjawgwdilwygmapthomwsssss
Tell Me Why (Taylor’s Version),Fearless (Taylor’s Version),itacitasaymtibbinytasitihadhftgiswyaisatoyaiflidkyytmtylmtcmdainylahbykygamsmmrfcwyahtyaytyirwyslnaiktyswydtmtmwwycwabohtrspdwigscaffwittsoisatoyrignotbiytmtywmtpmaainylahbykygamsmmrfcwyahtyaytyirwyslnaiktyswydtmtmwwdyhtmmfssycfwiwdyhtpdmdsytotommwisatoyaflidkyytmtywmacmdisatoyrignotbiyamfmltypmahtyaytyirwyslnaiktyswydtmtmwwtmwoitasbilygityinbnyk
That’s When (Taylor’s Version) [From the Vault],Fearless (Taylor’s Version),ysikwisinstnssttaaotaywmgaikmwwhthahtetbaiswcicbaystwwiwuitmtwwisoslwicatwibwatfgtwwisyfilyiabtwmmisikwysidywmmapytaottaottttpcaytaisltaiopayswcicbaistwwiwuitmtwwisoslwicatwibwatfgtwwisyfilyiabtwayshwywgdyetomaistwwiwuitmtwiwsoslwiwcatwywwatfgtwwisyfylmiabtwtwwiwuitmytwwisoswilwictwibwatfgtwimytwiwytwwisyftwilytw
The Best Day (Taylor’s Version),Fearless (Taylor’s Version),ifyoigcigmbcoihylalusayirarptppattrlntsigihylafaotwhidkwattcitfbikynsoaaadkiswhinofabikihtbdwytitnadkhmfcbsmichcayhmtagtkawdaduwfatfeaawtawstifatnidkwigtttnasbikilotcrhwydkhligtttfobikihtbdwytihaefhsimmsgsomlbiaohbtiaiguiaphaihstraihtbdwytiaviffbwiwtysuapsitkayttmitaopapsatsddsaytplitwwwnikwattcitfikywomsewiwwailyfgmyefsbawmsaidkiyksittctstihtbdwyt
The Other Side of the Door (Taylor’s Version),Fearless (Taylor’s Version),ithotfiwaiwtywstmmsisttiheaycahtbinpucismimtytiobiylalcislbairwiytsomwtpsiilwywtitprcbfmadylcikainiotosotdmamspashagttpsatpikgbotwbsairtsdaatttimobiyketmwycswiliwytcamyislbairwiytsomwtpsiilwywtitprcbfmadylcikainiotosotdaisotwicelayidnybidididistnycstmtraimiimibwimiislbbaiwiytsomwtpsiilwywtitprcbfmadylcikainiotosotdwyfatbeatcwtlwlatfpoabnycmfycutsaibdcwswtmaeatlbdaeimciny
The Way I Loved You (Taylor’s Version),Fearless (Taylor’s Version),hisasiaamsfajhseinthailicafabhoumdaigihcahsylbtaifpfbimsafakitrai2aicynysiltyaiattwilybdacuiarkorainkicftmattwilyhrmsanmmwahcewhshwhctmmtbwmfhcaeaicbimsafakitrai2aicynysiltyaiattwilybdacuiarkorainkicftmattwilyhcstsifamhnbcinfaaaaywwacjsficgabsmanimsafakitri2aicynsiltiaiattwilybdacuiarkorainkicftmattwilyoowwooattwilyooooooownkicftmattwily
Today Was a Fairytale (Taylor’s Version),Fearless (Taylor’s Version),twafywtpiutbadidytmbthaypmuastwaftwaftwafiwadywadgtytmiwpwillamtwaftsdwyawcyftmitaimhbtwykmfilwisystimhbtwtwafimhbtwtwaftwafygasttmtapemymeysirtwaftwafaticsinigsmcnmstttisyftwaftsdwyaybcyftmitaimhbtwykmfilwisystimhbtwtwafimhbtwtwaftsdwyaicfmhibimcdyfiicptdbcyftmitaimhbtwykmfilwisystimhbtwbcyftmitaimhbtwykmfilwisystimhbtwtwafimhbtwtwafooyotwaf
Untouchable (Taylor’s Version),Fearless (Taylor’s Version),uladdsiroaijctywicuiyicuiyubbttsawyciflcuitmotnwiitdilamlssoynygtcocostwbtcocoltohooihfaiwwhadikystybhabyubbttsantyciflcuitmotnwiitdilamlssoynygtcocostwbtcocooitmotnwftdiwtfybmssntmygtcocostwbtcocoltohicuiyooobyubbttsntyciflcuitmotnwiitdilamlssoynygtcocostwbtcocoooitmotnwiitdilamlssoynygtcocostwbtcococoitmotnwftdiwtfybmssntmygtcocostwbtcocoltohooooaitmotnwiitdilamlssoynygtcocoococococoooooilamlssoyntsoyno
White Horse (Taylor’s Version),Fearless (Taylor’s Version),systfoaacojwynitaipbafattcihbiyhotddosgiskisktinaptaafintoysohflhutstahtiastiwadbywalmdnitlfyaywhtcamiwngliyeanrhacwmmidktbilyhtfthtuhihsmdayamheniktinaptaafintoysohflhutstahtiastiwadbywalmdnitlfyaywhtcaatyaoykbffbfmjliawbisscinyptaofigfsswmatmwtiabwtwasttimrmdnaitlfyaywhnitlfyaywhtcmnowwwtacmnoitltcmn
You All Over Me (Taylor’s Version) [From the Vault],Fearless (Taylor’s Version),otldorhdotpsifasbindtwtttsoocrtlemurmoyyfgotwoobsykycsiroihiutbbltdiypibsatiyccwibrmomilailhygbhoahogktlawtltstigoohbnaofgycisgyaomtbawdojwtotimywyhiypaydywyhmgwidsisaimlacneboaibrmotailailhygbhoahogktlawtltstigoohbnaofgycisgyaomilailafowiwttaastwwnrmtbsilaicaiwapomdcnaofgycisgyaomisgyaomsgyaom
You Belong With Me (Taylor’s Version),Fearless (Taylor’s Version),yotpwygsusgoastyscsdgyhlidiimriattnilttkomsdlasnkyslidcswssiwtsccaiotbdbtdwywuaftwylfhbhtwtiycstitowuybhaaswcysybwmybwmwtswyaywjichttihiotbloapbttmhiteaygastclutwtihsiiawssbydysyfikybtthwdwagltswhhiwssccaiotbdatdwywuaftwylfhbhtwtiycstitowuybhaaswcysybwmsbawaybdatthcynkbybwmybwmoirydtmhitmotnitowmylwykybtcikyfsaytmbydtikwybtikiwmcystitowuybhaaswcysybwmsbawaybdatthcynkbybwmybwmybwmhyetjmybwmybwm
You’re Not Sorry (Taylor’s Version),Fearless (Taylor’s Version),attiwwhywcaibgocetaaydilmdaitmtlbbifyoaytwbfabnttaydhtcaiwputptitlsdwhaayctmtysbidbyblidbynsnnoylsiimbyiidkclyamliyhlmwitcaygysosaitobltkoanyamtlciwetbbydhtcaiwputptitlsdwhaayctmtysbidbyblidbynsnnoynsnnoyhmcfyhainwganyutssbbiwaoifsydhtcaiwputptitlstnltbfayctmtysbidbyblidbynsnnoynsnnonnnnnnnnnnnnwooooooooonnnnnn
We Were Happy (Taylor’s Version) [From the Vault],Fearless (Taylor’s Version),wutwatswtplwsbbihstbbwwhanawwhidragwbwsitcytyaamnbwidiawwhwiwgbiwgbwseaunocttwwlitdtbydfwwgbsawwhwutwtsgdotbitwtshifrnagsmhcwwhwiwgbiwgbwseaunocttwwlitdtbydfwwgbsawwhwwhoihtvtminilabtdgmcatwttafcwwhwwhwiwgbiwgbwseaunocttwwlitdtbydfaywgmmawwhwwhowwh
Call It What You Want,reputation,mccoibaktagtttcbiaatlacmonhfmfmidbtiewcmbfladwwhhditohwtsciwywyciwywtmbflajshatwslmlibnsciwywyciwywtamfgbatwbuatshbafjtkmwatdqtsatjduaktftnwilahaikimtsmetbbinlalidotridotrilwmlmfucthlabyykidotrsesumdnmbfladwwhhditohwtsciwywyciwywtmbflajshatwslmlibnciwywciwywcisciwywyciwywtiwtwhioacrmncrmnnbhombchrkmwimttcsiirlnhmbsisydntsmbwyrawmywyrambfladwwhhditohwtciwywciwywcisciwywyciwywitciwywtmbflajsohatwslmlibnciwywciwywcisciwywyciwywtciwywciciwywciwywciciwywciwywciciwywciwywciciwywciwywciciwywciwywciciwywciwywciciwywyciwywt
Dancing with Our Hands Tied,reputation,iilyisfsywlwrotyoohwytkammlhbfdbbypmgoayhmcohwitkicsfwyhimppoyfiailystwnitwtcsiihabfadyhtmbiasopstputopiktwnoitwwctiihabfbwwddwohthtywwdliwtftftywwddwohthtywwdaihabfbwwdiilyisodfttwwdusbcwdotaaasstwgiiambitmtywocigokywmicsfwyhimppoyfiailystwnitwtcsiihabfbwwddwohthtywwdliwtftftywwddwohthtywwdkwhohtaihabfbwwdikyatlwosatrbdihyatwriiicdwyaikyatlwosatrbdihyatwriiicdwyaadwohthtoywwdliwtftftftftywwdodwohthtdwohtywwdoaihabfhabfbwwdoohthtd
Dress,reputation,osmiacrtgniamaytiaiitsoymymomagtaotsappaamhasfhbfyhaaaotsappadwmhasfatahhhsmnaejsidwylabfobtdsyctiotiohhhcynimbcidwylabfobtdsyctiotiohhhiinegtaiigbalwweiswitbykmfawbdetttkubtknaaotsappaamhasfhbfyhaaaotsappadwmhasfatahhhsmnaejsidwylabfobtdsyctiotiohhhcynimbcidwylabfobtdsyctiotiohhhhhobtdsyctiohhhobtdsyctiofwymmybamhbeimwtycstbimftmmmrmeeimwlysttimaiwujitniwubysmoaomliwujitniwubysmhsicetahhhsmnaejsidwylabfobtdsyctiotiohhhcynimbcidwylabfobtdsyctiotiohhhtiaiitsoyobtdsyctioymymomgtobtdsyctio
End Game,reputation,iwbyegiwbyfsiwbyawwwiwbyegegbrbroyamwgbraayhamoigsbeybrbroyamwbabcaggaihayoyyltbotysddoissinatwdtmiitgliwabbbbigargtdpmyiocawynmyiiagycttayigabbptwtltwtlyliilitcymtymtyhmdaipywmlmlmlidwtyidwbjaeydwsidwmyidwmyltogdidwhyijwbdoabwyaomikwtasikwtasbiatpiwbyegegiwbyfsfsiwbyaaiwbyegegkhwiwyrwwwlbobsigiacobomsrpmirikttiietiibmewwawndiflayutgabeuitsfaybtatwydiwefamfpaiimmamscthtdatsswbot4ojipdwftegitowfwottomtinsiidwtyidwbjaeydwsidwmyidwmyltogdidwhyijwbdoabwyaomikwtasybiatpiwbyegegiwbyfswbyfsiwbyaaiwbyegegbrbroyamwgbraayhamoigsbehbrbryoyamwbabcaaihayoyltbotihylbwttfibwjcaibhbikmowiperpmttyicisidltdilmaiclygyhomsilyealilybigybcmboamutoshttfmrlaiwbyegegiwbyfsmayfsiwbyabyanaiwbyegegiwbyegoidiwbyfsfsiwbyaaiwbyegeg
Getaway Car,reputation,nngsiagciwtbottwocisamabymbidmiaydsittwbtlwwisogiciwtlhinarxmtswwfahptwiwltmikiftfofwwcwnhassitdoywdtgcwwfbwngfdpisamtatpwyfmmriagctwsitboyhskibtftltatpwyfmmiagcontngfonngsiagciwtgetpbtlofomfbywtaiwjdwhwrauiwsgggbwtouhiasaacaalsanwbswbsxmtswwfahptwemfhikiftfofwwcihylasstthoywdtgcwwfbwngfdpisamtatpwyfmmriagctwsitboyhskibtftltatpwyfmmiagcontngfonngsiagcwwjbacouisttosttosinsityiocutnwiiagcilyiambptmiabaistktwtltyesmodtgcwwfbwngfdpdpisamtatpwyfmmriagctwsitboyhskskibtftltatpwyfmmiagcontngfonngsiagciwriagciwciagciwdiagcsgiagcriagciwciagciwdiagcsgiagc
Gorgeous,reputation,gystiaactigdamfotwytystatcoymfbaltsaigabhotuhitcdidkwyscimmhysmihysmwoisavyrmlbnbmysgicsatyfclayfgaisfayfmmftwbwcisygystiaactittehbybybyaystatcoytmhiadrdrdriygagijohbiysthwcysgiahhihobelimiflimsadadysgicsatyftyfclayflayfgaisfayfmmftwftwbwcisygymmshitbtstnihmtwichayasgimmsmmymmshitbtsytnihmtwichagijsohtmcyauywcaoysgicsatyftyfclayflayfgaisfisfayfmmftwftwbwcisisygymmshitbtsytnihmtwichayasgimmsmmygymmshitbtsitbtstnihmtwichwichyasgimmsmmyg
I Did Something Bad,reputation,intanbtlmsipelavaimilosecfelittttmttihtwwnahtaimicftfomscrpomliamtstiohnidriobchhictsidsbtwifsgtsidsbbwifsgmfiehaidioaoaoaiicijfsggrrrddintapbtlmsifeaatwailtttsmtnsicwidntihtwwyglbyglicftfomshsdtaagtbihdmntiohnaihsmcthhictsidsbotwifsgtsidsbbwifsgmfiehaidioaoaoaiicijfsggrrijfsgrddtbatweiyaotgtpaptrartbatweiyaoslmulmulmulmulmugaalmulmulmulmulmulmulmulmulmutsidsbotwifsgsgtsidsbbwifsggmfiehmfiehaidioaoaoaiicijfsgggrrrddoysidsbysidsbwifsggsbwifsgwifwifsgbijfsgg
King Of My Heart,reputation,ipfilomoimummibobawmafwanytocmbltocstmiyaqaymtmliambawrtkimrcatbatecwtrratjntmqwydaaaoyatoihbwfkomhbasoaaaoyaiwinlygkomhbasoaaaoibwwooaaaoyatoihbwwbasoaaaolitntcayliasihddtkcmpttoylimiolstmiyaqaymtmliambawrtkimrimrocatbatecwtrratjntmqwydwydaaaoyatoihbwfkomhbasoaaaoyaiwinlygkomhmhbasoaaaohibwwwooaaaoyatoihbwwwwbasoaaaoitteoatembbamwatnwsuotrwasgcdboopcsyfmnfsbaaotieaaaoyatoihbwfkomhbasoaaaoyatoihbwfkomhbasoaaaoyaiwinlygkomhmhbasmsoaaaoibwwoooaaaoyatoihbwwbasoaaao
Look What You Made Me Do,reputation,idlylgdlytstrymmpotfnidlyidlypchylwylystgwmicnidlyobigsighitnothiruftdidiattigalonayiiruicioticitoolwymmdlwymmdlwyjmmdlwyjmmolwymmdlwymmdlwyjmmdlwyjmmdidlykktobtmyamfaptslmoatafwtwmoadaddbnfmnfmaitaikattwmobotfsmigmbyagybigsighitnothiruftdidiattigalonayiiruicioticitoolwymmdlwymmdlwyjmmdlwyjmmolwymmdlwymmdlwyjmmdlwyjmmdidtnantmibtasiybdidtnantmibtasiybdidtnantmibtasiybdidtnantmibtasiybdolwymmdlwymmdlwyjmmdlwyjmmolwymmdlwymmdlwyjmmistotccttprnwocsdoolwymmdlwymmdlwyjmmdlwyjmmolwymmdlwymmdlwyjmmdlwyjmmdolwymmdlwymmdlwyjmmdlwyjmmolwymmdlwymmdlwyjmmdlwyjmmd
New Year’s Day,reputation,tgotfatpgctsditlcwapothfyamftnbbdrtlpbiswylaisaytaiwymbibcubwyonydysmhttitbotticttigbalribtiyttottboiysoaychdrtlpbiswihoiwowmmiwymbibcubwyonydhottmtwhotyhottmtwhotyhottmtwhotyaiwhotypdebaswlicrapdebaswlicratgotfatpgctsditlcwapothfyamfdrtlpbiswihoiwowmmiwymbibcubwyonydhottmtwhotyhottmtwhotyhottmtwhotyaiwhotypdebasttmtwhotywlicrahottmtwhotypdebashottmtwhotywlicraiwhoty
So It Goes...,reputation,syitdaeoymmaeouymedacmipgchtmfbatwttwygcwbdalbwygmaisscbikwykwcfiaatpfripgcuiamloyfsigiytkaiytlykinabgbidbtwysigmyiabaeomyiaeouimaygdcawylaniscbymmjbigyhsswigcwbdalbwigyaisscbikwykwcfiaatpfripgcuiamloyfsigiytkaiytlykinabgbidbtwysigchdibnsssigsdybnsssigydanombhbwcidanoybhbwcydanombhbwcwcottaatpfpfripgcuiamcuculoyfsigiytkoaiytlbykinabgbidbtwysigchdibnsssigsdybnsssigchdibnsssigsdybnsssig
This Is Why We Can’t Have Nice Things,reputation,iwsntbpjitpftbesiacsatanrwysuhbbrtcfsgftwyswyhtrompismhaltgtiwwchntdbybtihtttatiwwchnthodytiwhattysamtiwwchntiwsnbfatiwgyascbysmitbwsmhatltifdtttygyotpamyasitaatamfbintofyllmioywsstiwwchntdybybtihtttatiwwchnnttbhdytiwhattysamtiwwchhattmrftdcathsahtmbharwtcmlahtmmhtltatdahtycfianttdhicesiwasftiwwchntddbybtihtttatiwwchnutonhbodytiwhattysamtiwwchntdahtmrfbybtihtttahtmbnthtdcathsdytiwhattysamtiwwchnt
Don’t Blame Me,reputation,dbmlmmciidyadirlsmmdimbibuftromlibbhaltatwtogjpfmtushftftitdlpspijnyfyiwctliwwmtiwlmmtssgtfttdbmlmmciidyadirlsmmdimbibuftromldbmlmmciidyadirolsmmdimbibuftromlmniwydaijgcymiibiybybeeoynimmhhmoiowpibniydabfyiwiwffgjtjttyfiyiywaibyomktsdbmlmmciidyadirlsmmdimbibuftromlyodbmlmmciidyadirdirolsmmdimbibuftromligshoetyetylmylmtomloetyetytmytmetyetylmolsmmdimbibuftromluftromlodbmlmmciidyadirdirnlsmmdimbibuftromlodbmlmmcoiidyadiryadirolsmmdimbibuftromlibuibuigshoetyetylmylmolsmmdimbibuftroml
...Ready for It?,reputation,khwakfttishwhmghhlalhbihagticbaphhfrssbatthhdtaatytmebhalsamsisnbikhflaviiishtiggtmaynbaibaldlnohtkitmotnimdyssttwdbitmotnimdikigbwysitmtayrfikiwarftthsmsharoanssbiiatthcjthawmtaiaahcbmjbtttelikiciafiftnnisvtnnbtsnniiishtiggtmaynbaibaldlnohtknohtkitmotnimdyssttwdbitmotnimdikigbwysitmtayrfioayrfibltgbltgbltgbbltgbltgbltgbiiishtiggtmaynbaibaldlnohtkitmotnnimdmdyssttwdwdbbheitmotnimdmdikigbwyikigbwysitmtitmotnbltgbltgbltgbayrfibltgbltgbltgbayrfi
Christmases When You Were Mine,The Taylor Swift Holiday Collection - EP,ptdtmcidwttatrnceiwimaiascltmmitkwamsghywwidaiywwlicntiktsbaltbtwcwywmibdfwyruutngcaeheybslegsthbfmijaltctwcwywmmcethtbsijstyibygymasawyclawywputltydynolpohiktsbaltbtwcwidwhyatctwcwywmywm
Last Christmas,The Taylor Swift Holiday Collection - EP,lcigymhbtvndygiatytsmftiwgitssobatsikmdbyscmetmbdyrmwihbayidnsmmciwiuasiwansilyiminikwafibbiykmnikywfmalcigymhbtvndygiatytsmftiwgitsslcigymhbtvndygiatytsmftiwgitssacrafwteiahfyaysoimgitywstromigiwastcoafoalwafihhagoacbythamtymtyiwgitssblcigymhbtvndygiatytsmftiwgitsslcigymhbtvndygiatytsmftiwgitssalcatyiwbalallcigymhbtvndygiatytsmftiwgitss
Silent Night,The Taylor Swift Holiday Collection - EP,snhnaicaaibryvmachistamsihpsihpsnhnsqatsgsfhahhshctsibcosibsnhnsoglplrbfthfwtdorgjlatbjlatbhhhctsib
White Christmas,The Taylor Swift Holiday Collection - EP,idoawcjltoiutkwtttgaclthsbitsidoawcwecciwmydbmabamaycbwidoawcjltoiutksmydbmabamaycbwmydbmabamaycbw
Christmas Must Be Something More,The Taylor Swift Holiday Collection - EP,wirabdmatwtssswfgrwyswkwmwwhignliswwhicctaltmwwyfystthssshnsshttbbwsoliswattiapawuoydshsysktifscmbsmwiadnpatatttwwtwadwihciacbtittiswafwwhipawatmwwyfystthssshnsshttbbwsoliswattiapawuoydshsysktifscmbsmwgscuiaoibarhlaittoyaehistltoymittdhssshnsshtjcwsoliswattiapawuoydbhsysktifscmbscmbscmbsmtgbmtgbm
Santa Baby,The Taylor Swift Holiday Collection - EP,sbsasuttfmihbaaggsbshdtctsba5ctlbwiwwufydsbshdtctytoatfihmtoatbihnknyicbjagiycomclsbiwayartinalihbaaaysbshdtctshtiomtirdntdtapmshshdtctcatmctwsdbatirdbiylusiybimsbftmoltaraidnmotpsbshdtct
Gasoline (Remix),Women in Music Pt. III (Expanded Edition),ytmbbyshniyfiimaitadbishniculinsapgppiwtgobysatttkbtmgoakoybitpsigsykigsaiclpwisaydmbdmbdmbaidibdibdibynawwwwtggppppiwtgogbysatttkttkbtmbtmgoakoybgitpssamsamwibwwtsftkcwybwybdykwylbmlidmsamsamwibysywgsbiwgfwybwybdykfafymalgppiwtgobysat
Highway Don’t Care,Two Lanes of Freedom (Accelerated Deluxe),bywrdayhpbaibygniygwtfytnttawwwtntstygwygyttsasibytotratsgiclwyiclwybiclwyiclwybobthwhytthdkyathdciyaabididthwdytthdnyhthdciychbididibygadcpiyssyibybgetbmytntltftfoytnttataytntglitsbtsiaosysaiclwyiclwybiclwyiclwybobthwhytthdkyathdciyaabididthwdytthdnyhthdciychbididiclwyiclwybiclwyiclwybobthdcthdcthdcbididiclwyiclwybiclwiclwybobthdcthdcthdcbididiclwyiclwybiclwiclwybthdcthdcthdcbididiclwyiclwybiclwiclwybobthdcthdcthdcbididiclwyiclwyb
Hits Different,Midnights (Target Exclusive),iwmhouatcymamomipywogilttuotslwfabtnsyjswotstiirykebposnhefswomlialsmfstgmbihdihdttcbmowaefmtdihdihdciyciyiutsotkijgrtboastlaaofflstotcntsbmhatshmfaindcaindcatbymsicmsicisyntspmiacisriomlialsmfstgmbihdihdttcbmowaefmtdihdihdciyciyiftacoahctstinittemimsswtwisbywtotildnamiseawitltcbyetiwtskotmgdoyhaysasobitgitwyobimaifyaihyfawbicsmywaadgihyktitddthitykitdiioiiyohtcttmattmaomlialsmfstgmbihdihdihdttcbmowaefmtdihdihdihdciyomlialsmfstgmbciycbmowaefmtdihdyihdciy
I Don’t Wanna Live Forever,Fifty Shades Darker (Original Motion Picture Soundtrack),bsewobtfwhycijacelinphaabbifcuananaedgmsobysnwihtmidwlfcikiblivaidwfwijwkcynuycbhijwkcynuycbhijwkcynuycbhisewoaigotsimmwiidabojltlomlbbifcuananaedigysbygmnwihtmidwlfcikiblivaidwffbwwijwkcynuycbhijwkcynuycbhijwkcynuycbhiblsiatnpbbifcisyaiatefuananaediblsiatnpgmsobysnniiacitewypiwihtmymalidwlfcikiblivaidwfwijwkcynuycbhijwkcynuycbhijwkcynuycbhijwkcynuycbhijwkcynuycbhijwkcynuycbhuycbh
I Heart ?,Taylor Swift (Best Buy Exclusive),wihctslwcbisijfiaiwobjlwicicoabibabbyamiiatawihtdywuastbfmhpommamidpaibytybmwycosigaihqmwotbomhibfiyjwbbyhttawywwaiwrbicbymmsahclabwrbtpenanyaayaitnyairwypmtihtwuastbfmhpommamidpaibytybmwycosigaihqmwotbomhawyhaaanyswwyteihobihtayaitnyaiaiksywwuastbrtwwmuidgtwypaykydbmwyldasigaihqmwotbomhwotbomhaihqmywotbomh
Picture To Burn (Radio Edit),Beautiful Eyes - EP,stoidgmpfirylymtycelmsgatyftioactfywmiisbtwihtsoptynlmdyarhwrbalswmsamoamwtafaicyjaptbtntftijshpmrtnsmfgowaoybfaiycasstmmdgsyhsybcihtsoptynlmdyarhwrbalswmsamoamwtafaicyjaptbaiymmybkityccbahwbbfyhcihtsoptynlmdyarhwrbalswmsamoamwticyhhirrhtsoptynlmdyarhwrbalswmsamoamwtafaicyjaptbbbbbbyjaptbbb
Beautiful Eyes,Beautiful Eyes - EP,ybesrimasitoylanidkwiwbswyaiwbwyhyealimsbmmfmhhnftwbiltyiltyeiwuiaioalwiccymlsbchmtciiwbeyniwbwyhyealimsbmmfmhhnftwbiltyiltyejalaymibyetlmlykyoblmmylmsydadadayeaabe
Renegade,How Long Do You Think It’s Gonna Last?,itoywoydntsoywjawtwnfmtsbisaaiiwkhmpyhciimhltlayrgtatitltalayddmacybumsammyfhitycalwotblmsyfywbtfrtnsiiifmtsgystsiclyiiryatsyfgmeodyjnwtitoywoydntsoywjawtwnfmtsbisayfomcyhybdykydmatysmhaiatlayrgtatitltalayddmacybumsammyfhitycalwotblmsyfywbtfrtnsiiifmtsgystsiclyiiryatsyfgmeodyjnwtymalaiiwkhstpwyciimltlayrgtatitltalayddmacybumsammyfhitycalwotblmsyfywbtfrtnstnstnstnstnayrgtatitltalayddmacybumsammyfhitiiifmtsgystsiclyycalwotblmsyfywbtfrtnsiiryatsyfgmeodyjnwt
Safe & Sound,The Hunger Games: Songs from District 12 and Beyond,irtsdyfwisinlygwatsakylirysdlmhabatdagaptjcyetsigdybanochyncmlyaibsasdydloywdeoftwoodkrohottlewtmggjcyetsigdybanochyncmlyaibsasoooooojcyeybacmlyaibsasoooooo
Sweeter Than Fiction,One Chance (Original Motion Picture Soundtrack),htghtghtgooosostyhinynsicswysranycuaiiiisyfsycoykeesyliacsycfwicmibsywrtpytwlfaetystftiwsikiaayeawtdtlistfjasjasitdooaygaygayshtnsicyhtgranyotsiiiswaswaswtlcopmrpmrwyptwaitpwilwdrtrwtwlfaetystftiwsikiaayeawtdtlistftysntmaaotrihyeawtdtlistffibootmslaynlaynnibootmsymupymuppibootmslaynlaynnibootmsymupymuppawtcynatpypiafyktibttaacilywwyhtghtghtgooosostyhwnnitpwilwdrtrwtwlfaetystftiwsikiaayeawtdtlistftysntmaaotrihyeawtdtlistff
Wildest Dreams (Taylor’s Version),1989 (Taylor’s Version),hslgoottdootcaftcithchmnnlfbtigtmdhstahahhsbbhdiswicsteaibmocisyrmsiandsatsbrlarcsysmaeiijiywdahwdahisnohtkwwdhhaimhhcaimrahviafsnlfbtiggnhstahahhsbbhdiswawwhovlkmlriisyrmsiandsatsbrlarcsysmaeiijiywdahhhwdahysmihtuwyanbidswylmibtmfyaysmihtuwyanbbiiddswylmibtmffyyaafyasyrmsiandsatsbrlarcsysmaeiijpsyrmsiandsatsbrlarcsysmaeiijiyjpjpwdahaiywdaheiijiyiywdahiywdah
This Love (Taylor’s Version),1989 (Taylor’s Version),cbwhtcabyiaicgoaooaoaiwsgdcsyoaaywjgaggagissiwdindottligtlibtliabftdothhtligfatlcbtmooottsttnwsnbicgoaooaolbfitnfoybywsgggilgossysujittligtlibtliabftdothhtligfatlcbtmotllapmtligitdothhtligfatlcbtmotltltltlotltltltlotltltltlotltltltlykmciwylysmgiftmkwyyyjrbycbtwyntligtlibtliabftdothhtligfatlcbtmotltllapmtltligitdotlthhtligfatltlcbtmotltltltlotltltltlotltltltltltlcbtmo
Two Is Better Than One,Love Drunk,irwywotfdycimlaithyktcbsceydawysyktiatmbaanilwnsmitticlwyamtibtobtsmttfotromlayagmcuaittibtoireluyftwyryetwytymihfbcwicmeadaitoyaeoifnbtmitticlwyamtibtobtsmttfotromlayagmcuaittibtoirwywotfdycimlaithhhmitticlwyamtibtobtsmttfotromlayagmcuaitoiclwycbtibtotsmttfotromlbifowatsadtibtotibtomal
Crazier,Hannah Montana: The Movie,ingwtwjliflitmwiwtgtyotdtsmminsibiwttfbicfwbycaayceylmfotgysmaymmccflifaialiyeymmccciwfadaymlyoeswyokobaiwtkhtwfaymisrysmsticsyomeaymmbylmfotgysmaymmccflifaialiyeymmcccobysmwlifidwhaoylmfotgysmaymmccflifaialiyeymmccccc
Carolina,Carolina (From The Motion Picture “Where The Crawdads Sing”) - Single,occrtmvliwblicliasckwfyirfatblawckaydsmhntndsmhasimditmitcdlimafimicatapiwnegattocwekcsotdslispmbatlsfcpwycmhmlrdtbrmtwwwaydsmhotndsmasimditmitcdlimafimicatapiwnegattocwekaydsmhtndsmhnydsmhtnsmockwfytstiwgasasialbbtscfaimngibmtsatsck
Christmas Tree Farm,Christmas Tree Farm,mwnatubssahstbicmeaisejlmimhiactfwtpwctduslbuitmacatcwfaijwbttsdoharmafaeiiabaywbttutmwtfgatmilyjbiyatmbttlfwewctimhiactftalitbwrioftcittkadosatwatstwtsabossdoharmafaeiiabaywbttutmwtfgatmilyjbiyatmbttlfwewctbyawifayrmohobbmcawtwifiptwtbbmctyutmtywtfgatmilyobbmcobbmcdobbmcilyobbmcobbmcijwytkobbmcwewctily
Delicate,reputation,taftbmrnbwsymlmfmwcmapncwbbycmmaddboteswyaplumnitbchycmmitbdjaynlayodnstcbjtotftwcdcilytaftbmrnbwsymlmfmyiwywcmapncwbbycmmadiictisatiictyimhciktiddiictisatiitstdtyciktidiiiiiiiiiiiiiiiidtfotwsmayhyamwavdtgbhtylidlnwyhuimheoyfotsshhidwscilytaftbmrnbwsymlmfmyiwywcmapncwbbycmmadiictisatiictyimhciktiddiictisatiitstdtyciktidiiiiiiiiiiiiiiiidsiwwysayedomswiliyeipymatdtcilyiictisatiictyimhciktiddyiwyiictisatiitstdtyciktiddcilyiictisatiiiictyimhiiiiciktidiidyiwyiictisatiiiitstdtyiiiiciktidiid
Eyes Open,The Hunger Games: Songs from District 12 and Beyond,ewewewyskyeotttiywwjcpsjpddwheibwbwowsbnwsiacwwesakskyeoewfytbdewtstfewysskyeokyeokyeoshyatsaasogelfanstntymitfbtataotsyiassanctsynbygstdyygstdyjgkyeoewfytbdewtstfewysskyeokyeokyekyfrhskyeokyaltngdkyeokyeokyeokyeokyeoewfytbdewtstfewysskyeokyeokyeokyeokyeo
You’re Losing Me (From The Vault),Midnights,ysiduaisikydwtacwctitnifiwrlatrwlicotlnijsitdawiitditoewbokiigtefaparftamahgymjhdtfbsylmsylmsylmicfapmhwsafycylmemigaywsimehcystylsyctidisysabmndttqmfwgbywatwwsataitwlaiikmpisainyrdthaykwtasydkwyguigsylmsylmsylmicfapmhwsafycylmcylmsscylmmhwsascylmmhwsascylmhlcwbasstwwtfgtbbtligyambmmeeaaidwbaittbtbsfioyafdyimitbtatpylmaiwmmeapppwowytshaiftdsbsssslsbrsylmcsbignigntbuycmylmsssylmsssylmicfapmhwsa
All Of The Girls You Loved Before,Lover,wytoatlnlfotpwuitmwsbfaahidaynishnmsoithhjktypamaplsaaatiatytwycmbtmlalaticsiaotgylbomytoiffedslystmnyainistfaotgylbbilymwitoatmfloottocitbfsdwnicrnsjaanohsawobumulwsgoajktietmmnicybiwysaaotgylbomytoiffedslystmnyainistfaotgylbbilymymbyulaktltytgigewtykbyhiwtyhffltgylbomytoiffedsdslystmstmnyainainistfaotgylbbilymilymilym
august,folklore,saatroydinnamwoaysnhiebbicsulitmasaiamitciwnmaicsutibasalabowcywnmybbtswicwmnoiwycwybasirtihybicsulitmasaiamitciwnmaicsutibasalabowcywnmbwwwscftbwwefmiwetlfthoiacpjicycasmmbtmsmfslasucywmtlywmtlnbicsulitmasaiamitciwnmaicsutibasalabowcywnmcywnmnmbdyrrwipuasgitcatcmpjicycbwiwlfthoiafthoiammbtmrwipuasgitcatcmpjicycbwiwlfthoiafthoiammbtmrwipuasgitcatcmpjicycbwiwlfthoiafthoiafthoiafthoiafthoiafthoia
betty,folklore,biwmaawysyhbiticombotiwromswipyhilicbyhtrfiycbawssmtbttiwttwttiedwwidtybiijsuaypwyhmwywmwytmtgfmolmttgitgwytmiityiwjastiosidkabikimybikwiawwyfswpftfsotgiwntbfihtcyktpisydwhyhtrfiycbawssmtbttiwttwttiedwwidtybiijsuaypwyhmwywmwytmtgfmolmttgitgwytmiityiwjastiosidkabikimyiwwhobcjtoywspulafomwissjgildtdtinsnthbidoyaslbihoydaipiofwnbifsibrnitlticdawhwysmfatotiwdimiutysisuaypyisuaypyisuaypwyhmwylmwykmotpifoaysfiykmwibjlidiwipybwiosidkabikimysiyckimcasaasykimy
cardigan,folklore,vtbnphhocwyaytayknssblspwyaytayknbikydiylduasiikyhumsbkibiawifliwaocusbypmoasiwyfaftaiaftnctgltowyaytayknbikyphagmywiikyyhothloitliawifliwaocusbypmoasiwyftkicadbwawnydsamsbnibcikysotltmmlabiikyttcteplwiikyllafrlwiawyaytayknbikyllatkikyhaomwtsoswhatlcikewiwyikicyftltcsitglikymmotteaybsimfplaikycbtmycbtmaycbtmaycbawifliwaocusbypmoasiwyf
epiphany,folklore,kyhkylsjafwhyrcutbnsithboastyjcsawyiswyifddwybiwyboosmsdncsdsmhyhtpnditscoastyjcsaotmtsbydosejosgortmssowyswyiswyifdddwybiwyboowyiswyiswyifddddwybiwybiwyboooootmtsbydosejosgortmssowys
exile,folklore,icsyshwhaayblbtjnfaaaityfwmtpuualmwihatlohithitistfbaidlteynmhaswaidnywmtniiesyoitistfboooicsyshlhjyulygykbfmstahcbobbteaitiitistfbaidlteinypaswaionywmcniiesyoitistfbsilotsdssrotinaocicdfyattwawavtlydehmoydehmoyngawsigsmsattinltrymnltrmmicttaynttacyngawsigsmssmssmsydestsitistfbaidlteynmhaswaidnywmtniiesyoitistfbsilotsdssrotinaocicdfyattwawavtlydehmodehmoyngawsigsmsattinltrymnltrmmicttaynttacyngawsigsmsyngawsattsmtinltrymsmsicttaicttacyngawsyngawsyngawsaa
hoax,folklore,moomsgmesthbmdmtkmsnmwfthfmgsotcsgmaryfltohibidwnosobbynositwwdmblpysohmbliaafyfsotcsgmaryfltohibidwnosobbynositwwdykilapombinyykthdswtmfykishumsfwtpmayktpsilyitdykywswtpoksykishumsfwtpmabwydwjadaaadtwjahawtpmamoomkcumbdyhbmhdwnosobbynositwwd
illicit affairs,folklore,msnsylhoyhkyedtyfyofarybfwyrttrltbtyycaswsibrewmiplatttaiaacmalsibfjosgbidaidaidamltltpotstypojfhsylntblydeettwfwtaadmhadtowtffhtatttaiaacmasststtostbtlatlatlamltaywsdcmkdcmblatgmtymmysmcykicswaedcmkdcmblatiftymmytmaslicswaeaykdwfyiwrmamlt
invisible string,folklore,gwtcotgwiutracpiuttiwmsttwtcoyswywsatysyutwatmalmtctgmncgmnswtcidsaiijspttaatwsistytmobwtbotsitcoyfttlyaamfsfdbwtwoottgldbtlssillaastmtcmothmfwtcidsaiijspttaatwsistytmoastpmooatwaritdbswaompmibwcamdwtbtsostogtmtycwtsomatgftbwbmhnistbpgwtcotlwisyacphwtjbibmhtwtgmtbatpsaicbwmaiijspttaatwsistytmomoaa
mad woman,folklore,wdytisttdasswfbtstkaykiwykiwwdysoydhdysmfitnldssodsmfyfetycmcigmcwatawysisaigmaatnlamwwasswmnolamwymhltayptbthccoayfstwynaatnlamwnibfetitmcafayytsmobykiwawlhwtdydwfyiotwmdhrbyttetycmcigmcwatawysisaigmaatnlamwwasswmnolamwymhltayptbthccoayfstwynaatnlamwitmttmtcytefmwycwycoplmtmoshacsfgwakssbmsbslmbnolamwwasswmymhlt
mirrorball,folklore,iwytkiamisyevoytigyootfsbawibiiamphwnoiamdyfmomttsimhhlsjfyhiktsteinbisomttsimhhlsjfyiwytkiamicceamtfiyanltrtmrdatwmseghwnoiamdyfmomttsimhhlsjfyhiktsteinbisomttsimhhlsjfyatcotcbtddwtshthatrcisottistetgylamaisabbidkwinbanaiditttisottistetkylambiamiamaisyevoyt
my tears ricochet,folklore,wghwluwiasraiiofybmoateomwddidbathygmcilyisilytmddidhiimtgwgaythfasfaiidtywayatwcmnwislahmtrwgsnkwtmsttstmadrykidwththybwagsywtsjtigyaybmidhiimtgwgcwifyuttmiwbaiidtywayatwcmnwislahmtraicgaiwaiwjnhaycafmhgfbbywsmmiybaisttywisatsawycsanyhmslidhiimtgwgastbwsbtwyhtkmbikyjtscmnwisytiywfaytobdotpcotgyaycmnwislahmtr
peace,folklore,ochcagstsicinhtcomcaladinaijatcdcilimnicngypbiafaikybhwiycowbcatptlfsbiwdfyistditdbygafimwibeiicngypyimmssypdotwitswmfiliwyhayktiswyftfswyittgymwgyacgytstocwtpueofticntisybambiiebtrttecttwigymsgymbbtriagciyswmbiafaikybhwiycowbcatptlfsbiwdfyistditdbygafimwibeiicngypwibeiicngypwibeiicngyp
seven,folklore,ppmittihmpasfitsotciwtstjibiiwhitswpumatsbtstitscyhwtnoaticryfisglfyyblaplyttmatspdlfstllslaibmttyityhihydiamatmbwaitysclwmawcbptywhtcohitcajlafsolwbpoppmitwbilciutsfatiwiistitscmhwtnoaticryfisglfypydaaswmtifpdlfsollsl
the 1,folklore,idgiosnsbsyionitisyatbsidtihtgrenihtsmyktgfoatwnmigynknkaiywmyrssaiynbynggaianbwwsdytsrttpitpaimwctiwbyimdihnfnlweabiwbfiywbtooihtdydcshaoyoymswotiathhwnpbtnbbwwmicyktgloataonigynknkaiadwuabwwsdytsrttpitpaimwctiwbyimdihnfnlweabiwbfiywbtoiiipartttayiothbdwebdtwwsdytsrfwycfaiwbsiicbmimdihnfdutgatbiwbfiywbtoo
the last great american dynasty,folklore,rruotatiwshshotcthmoslbwthttsonamattshdamdditwwcialgtosfnmgtpoahacihhtpwtialltdhthtsdimhbhfhhgoatstgtlgadwkisnsuwcbtgtmwtthesshamtrerguotrisffiahbpfftcftpwcaswtbnabttmotbatbalocgbwdatstgtlgadwkisnsuwcbtgtmswtthesshamtretsswsooptrsoatmsaiafwhnsshdadiklgfyialthhsqotbfowwmtmabhatiwbbmwkiinsuwcbtgtlwtthesihamtreihamtreamtreamtihamt
this is me trying,folklore,ibhahtaihtswntridkiyciicbihaloratptcotrttlcfmfatwdamidqkwtsbihiydijwytkttimtijwytkttimtttmaomcwmsigwlampamwstkwimihaloratiwsaotctcbasfbamcaieuhpomhtasbidptwijwytkttimtijwytkttimtalitaihtbaapwiflaowihtbatdwaiwiyyafiafrotosimtaijwytkttimtamidqkwtsijwytkttimtalit
Back To December (Taylor’s Version),Speak Now (Taylor’s Version),isgymttsmhltmhyfihstiawybgbtewstwatwygiuaikwbtltysmisbitboymygmrailtttdstimsmpsifoysisftnaigbtdattitofanbmywirwihwywmigbtdtaamiaigbtdatttdihbssupbmlwybpaidctitasatbtiwylftpsarilyitfattcctddwfcimmygmaylaaigywgstimsmpsifoysisftnaigbtdattitofanbmywirwihwywmigbtdtaacmomigbtdattimytsysssgtmsrahyhmiyatsntftyesmcmtiwtpmdbiwlaisilyrigbitacibicsitcioydiubtimsmpsifoysisftnaigbtditofanbmywirwihwywmigbtdtaamiaigbtdtaacmomigbtdattatt
Better Than Revenge (Taylor’s Version),Speak Now (Taylor’s Version),ngsitcatawydhhtfalrtsswiwhaiwsaihiaihhrtwiwhscaghaalhtasthftycssinsicwhsiiujwiwdwoshtktpwbomladsujwswsfsnasasnwytsaawhwamttfswhtmwssgfsoptotpwmymfsskimsskimtinidbtrrhslalliapasotlslamliatassoiithefialtastipciltrhnwtbsiwywowykoppdtgywywgtdtytipssiutmbnaovdgydtawydsnasasnwytsaawhwamttfswhtmwssgfsoptotpwmymfsskimsskimtinidbtrhijatfytryeahymhhbhyhijatfytryeahymhhbiagtlwwcocytibcosnasasnwytnsaawsdihwamttfswhtmwssgfsoptotpwmymfsskimsskimtinidbtrcodysflykwydcidtydonnnndysflykwydnidtydidtydlhtacococosmhmbyaoosmbysydsacysmbsthftycss
Castles Crumbling (Taylor’s Version) [From The Vault],Speak Now (Taylor’s Version),oihaeoihaeoihaeoihaeiagaiwhushiutbgtutcwtsmfnifihffgaiflmccdaiwambbttgaydwtkmiwjlydydwkmnoiwtghfadcwhomwattmtfwsbipitfihtgtitmapwtmhaicsoiltthsirtoahisabworfdlptinkaiflmccdaiwambbttgaydwtkmiwjlydydwkmnmfafwmreidkhicetwsbfmsithplamliamntsatpfgutcmnntstthmnwythmmccdaiwambbttgaydwtkmiwjlydjlydmccdydwkmnnoihaeoihaeoihae
Dear John (Taylor’s Version),Speak Now (Taylor’s Version),lwtnwmdoraycmfptfwftaammamolmmbisiwfypmabstgbttitrailiycgbyctredwwvoyimgotptwispuatsitlykwdjisiantygdytiwtytbmwtgitdctwwhiskwmimambotbomiyaysntglatiaayamntyllotwduailbarhiiwtsrafaycdjisiantygdytiwtytbmwtgitdctwwhdjisianiwwdytntytbpbydtgwilysiskyaaeasaklbnibmaytatgtyrdhtlecybtobitymbfccmsdlnislfoysetodjisiantygdytiwtytbmwtgitdctwwhisiantygdytiwtytbmwtgitdwyasyskyskdytiwtyysk
Electric Touch (Taylor’s Version) [From The Vault],Speak Now (Taylor’s Version),jbjribojahtycitdjtftehowytigmmotgbgahosesshttfwbmjotjotaikitcebmhobibtlgafyetcftgtuwlaiwynwnyfithoyetmiblitrlapithntllitcetithflifawigutnocmpigatsasiktaititgirjotjotaikitcebmhobibtlgafyetcftgtuwlaiwynwnyfithoyetmiwtjotjotmtsajotamicymaywnsosmawydajotjotmtmrtmri8aisthaikitcebmhobibtlgafyetoaikitcebmhobibtlgafyetcftgtuwllaiwynwnyfithoyetm
Enchanted (Taylor’s Version),Speak Now (Taylor’s Version),tiwatflfssotlpwoiseavvwisyfaicsiiwetmyyewhwmatrysstmiwtmtpcscayqrlpnisaiwetmyaicsiiwetmytnisdyligiwbatwhisfwiykiwetmytlqkmu2wdyliwtiwaanipbafwywamdiouaywshiwetmyaikiiwetmytnisdyligiwbatwhisfwiyktnifdyligiwdaaaisfwiykiwetmytimpttwtvfpnwtsemtweynuisyatatwihbaiwltsiwetmypdbilwsepdhswoypdbilwseopdhswoyotnisdyligiwbatwhisfwiyktnifpdbilwsedyligiwpdhswoydaaaisfpdbilwsewiykiwetmypdbilwsepdhswoy
Foolish One (Taylor’s Version) [From The Vault],Speak Now (Taylor’s Version),mcaottyaiyhcatyagpacaiwtmtsaygmjeatkmhthwtftmwsrnraiwbotvorimhatvsyanteywnlylfoscymfcoltangcywttlwywttlwdykhtkmwikhtalifdkwtctsbikiccymaidbiwdmbtsbcwmhioysistycaamswwotiswlaocemwywtnbttvsyanteywnlylfoscymfcoltangcywttlwywttlwdfoscymfcoltangcywlthwiojwonisdtwwmhimhshcinstsoyhwmocbgsitsatvimhatmwcyghoyaamitwigylgbsgyraywsyhtboiamiwflmlfoscymfcoltangcywttlwywttlwdfoscymfcoltangcywlthwiowoooollolangcoywlthwnfosrwfcoltangcathtoysbwofotdigcfycolwaisadhjwtonhjwto
Haunted (Taylor’s Version),Speak Now (Taylor’s Version),yaiwaflihkiattbintiltsibigdaiatqaictanaicoyliaabmohmbwlyasmyegccocodlmltitihyfosgtwyaiwcocodlmltitihyfocbwygctbnihstawywafewhbismewistyhwtttampahjmmmsbtwtiwhwyiohmbwsyaskmhoncocodlmltitihyfosgtwyaiwcocodlmltitihyfocbwygicgbnihikikijkyngycbgncocodlmltitihyfosgtwtwwfwyscocodlmltitihyfocbwygicgbihoyaiwaflihkiattnetisibntisi
I Can See You (Taylor’s Version) [From The Vault],Speak Now (Taylor’s Version),uuuybpmithaydtiiicsydyibwyfaaismttntfibwwydiiwttynwwyditnfuowwydiwnmascicsywdthfmaicsyuatwwmawwydbiyokticsyuuuawkepbscisiiltkweousibtwmfakqywbhttisimhwtyshttthhybwwydiiwttynwwyditnfuowwydiwnmascicsywdthfmaicsyuatwwmawwydbiyokoooticsytyjotficsymmwyemwwydbiyokticsyuuuicsyiysaynpmansmmttwkaykiwetyaicsybmaycsmaasmhaaiwsbmuuuoooicsywdthfmaicsyuatwwmawwydbiyokoticsytyjotficsymmwyemwwydbiyokticsyoicsyoisyisybisyuuuisyisybob
Innocent (Taylor’s Version),Speak Now (Taylor’s Version),igyrdittlyiywplyboatlymttgibwieiyldaabbtciwibwybieaebiyiajwasysolasbtmowyainwybysaiysaidstycsobanyliaaywbsotfnioyhswykntwieiyfdweoorsbbdtywibrwtyfabtmcutyiajwasysolasbtmowyainwybysaiioliatctasgunwyainwydysaittfteyhnseoouhmutomcltwihyrtintltbbnooiajwasysolisbtmowyainwybysaiioliatctasgunwyainwydysaiysailyboatointltgib
Last Kiss (Taylor’s Version),Speak Now (Taylor’s Version),isrtloyflttda1twtywfjutkytmylmswdygaaidrntsotrfotpirotptjntboyhijtysicsfyabnigsotfwycatikiidkhtbsymintwhalkiniweltynftnomlidrtsoystlotpysoaairmeatypmiinmfdbfyidbilyhmmfilhywwyhiyphykmwiwitmosstnadidmtriaigsotfwycatikiidkhtbsymintwhalkiniweltynftnomlmsiwylipliutwysaifyfmliutfybaikuwoofjtathyahinwyaaihtssaiabdasryywyhsycpfacitwatbinpoycymsigsotfwycatikiidkhtbsymintwhalkiniweltynftnomljlolkftnomlftnomljlol
Long Live (Taylor’s Version),Speak Now (Taylor’s Version),isrtmitbommttwswoshtciswwwwtkatqatroontnydlykolwnbtsyhyhlahoahbpiwteoadbtsoaalltwwcthtklsjfmayiwsllatmwmaboatpodwwbrisrtfiptpaoatytwstotswfrnwatkatqytybcfacwtguotawhtufotatcwostiacfamabotirujgtrtwlltwwcthtklsjfmayiwsllatmwmaboatpinallatmwmihttomlfdwyiwslltloyfaboatpodwwbrhotsacfttgmtmbofwytampmttysbmfbigffssiafuiagiyhcsdwtpttpptemntehtcwwtehihtslltwwctihttomlwyllltwwcthtklsjfmayaiwsllatmwmaboatpinasllatmwmihttomlfdwyallltloyfaboatpodwwbr
Mean (Taylor’s Version),Speak Now (Taylor’s Version),ywywlkasawtyuamyhkmomfagmflanywyvlnoaccmowiwypotwmwyctmdwjosbbydkwydksibliabocaayegbimsibbesychmaayegbimwygbsmywyssaywlayhyhpomfaaiidastiwwmhdttbyociniyijwfoaibygpasmycbtcerncyclmdtraydkwydksibliabocaayegbimsibbesychmaayegbimwygbsmaicsyyfniabtoafgwtsblobnlwuaratsobtdagoahicsbayaimayaimaalapaailamamamambsibliabocaayegbimysibbesychmaayegbimwygbsmsibliabocwygbsmaayegbimwygbsmsibbesychmwygbsmaayegbimwygbsm
Mine (Taylor’s Version),Speak Now (Taylor’s Version),aaaaywicwpwtlastnlbiwafrwafofwwwbwliinliscybiawlotctmicsiyyicsindyrwwstbtwypyaamftftymaroacmcdyatbttebmffawtotwtatadomtaypylmsayfowigyswnmmpmbwgbtpwgnfowiwhttyytiwitadyrwwstbtwypyaamftftymaroacmcdyatbttebmdyratclotwysmstbftftymaroacmcdyatbttebmooairtf2aewsrooohirocayfmoitsbmftgctaiektytmbsysinlyaysirhifsbtwaetilayiltftifilwacmcdsitbttebmhoamilhontbhoymaroacmcdhoyatbttebmyydybihoyywgminhoyyyaicsihoyyicsin
Never Grow Up (Taylor’s Version),Speak Now (Taylor’s Version),ylhwamfaisqitwtylefcydsityitoyfntyefygntrigaihhiycsltoddyegudyegujstloddyegudyeguicstsiwlnhywlnobyhanowdyjttnguanguyitcotwttmaymymdyoaftjsmycdaycwtmosacyosbdmhdyoatbrtsgotadltwtydaiypgrfsoddyegudyegujstloddyegudyeguicstsnoebynelysaetywtjttngutpiymoycrmwislwydghrtfrtwsaaylbfsijreihisgbgshiaimnaiabctjdmoismctitiwbsitmiatmnowinguwinguoidwguwinguicsbloidwguwinguicsbsoddyegudyegujstloddyegudyeguicstsiwlnhynguwlnobyhaetywtpttnguoongujnguongujngu
Ours (Taylor’s Version),Speak Now (Taylor’s Version),ebamassmmwtttsiywhwlatvsbrnmtitsltaswdtjiltkamayatvcftwnetdtjobmciysdywyplmptrattsalmllhtsahtwrbtlioynkwphutsgfypgjoamlitswtlgsbidccrnymaysdywyplmptrattsalmllhtsahtwrbtlioainttsiiwayhatbtawmbaiftdagyfwtsfyciltgbytailtrtysaasrfmfaytwbicmhiysdywyplmptrattsalmllhdywyplmptrattsbtctwotctwotsahtwrbtlio
Sparks Fly (Taylor’s Version),Speak Now (Taylor’s Version),twymilaforaiahocytkortssmrbikktiwgfaystifomjcettcethycswiwtodenmmitprkmotstatpcissfwysgmwtgebatlgdgmsthmwynacissfwysmmftrmyabiytmoairsyfiebtyiiwbiomgftrotwbwyikingaicwpbirwywdenmmitprkmotstatpcissfwysgmwtgebatlgdgmsthmwynacissfwysirmftyhawtlgwjkokyeomijwetmifralmutswywsasicbyblafsdenmmitprkmotsatatpcissfwysgmwtgebatlgdgmsthmwynacissfwysatsfobsatsf
Speak Now (Taylor’s Version),Speak Now (Taylor’s Version),iantkogwsbrbioawvobyantkobwsbmtwgisiasyfahslfadipasiyaabsbiarwagslaptisnwytiwbilmiadwisasdsyranimywyootcatbddwosasvynthmoatssnfgaеatostpastsladmaiahitcistiwubylbsfdtalapqbikywiwmywiwmdydsyranimywyootcatbddwosasvynthmoatssndsyranranimywyootcatbddwosasvsasvytiroatssnoranlosasvoihtpssnofhypttstmlcisuwshaeomhlfeitrbiolayiantkogwsbrbioawvobyantkobwsbmtwghsdsyranimywyootcatbddwosasvynthmotssnayslranranimywioomtatbdbidsmvsasvsgywawtssn
Superman (Taylor’s Version),Speak Now (Taylor’s Version),tdashppihbadatstwogtwitsttmhghmehfaiwihkhmtimhihoewysyaysashayaisjfiafttyilyilyfiwsfaygabdtgstwibaaiwsfacbibwysibrhotgwycbdtdabhchibihsytmaastdysihdbehmshnablhraichoswtsaylgptbaiboiafttyilyilyftvfdiwsfaygabdtgstwibaaiwsfacbibwysibrhotgwycbdaiwyfatwaihydssogdfdfamifabinlygilalotwdfdfwibrhwtfwfywtcwfywtcwfycilyftvfdiwsfaygabdtgstwibafaeaiwsfaisibwysibrhotgwycbdllllllllllllwycbd
The Story of Us (Taylor’s Version),Speak Now (Taylor’s Version),iuttodwttsouhwmatsfiapwsttloiutkmpwtsntynistrfaesclidekwpyooascmltfsmttiwyksmwuicbtnisaiacrawnsaidtkiikylikmyidkwtssttofwiabdatsoulallatnnchweutwsmnpamcattlbaydybtamisttodittsouhiwlmmwisyhbyhyplyshmoiststewawptinityimybidkhinhsqtlnisaiacrawnsaidtkiikylikmyidkwtssttofwiabdatsoulallatntillacowcaltclbilibwywomstbiyhnbiwlmadiysyrltfsmttywikbtsoumbesnisaiacrawnsaidtkiikylikmyaidkwtssttofwiabdatsoulallatnnnawnsaidtkiikylikmyidkwtssttofcwgdatsoulallatnte
Timeless (Taylor’s Version) [From The Vault],Speak Now (Taylor’s Version),dtbtaasasimhsssiwiotcwacbatssptcebawsa3basllotpotfhtkltyofoialtkydpdatwicyaishtebitpisuiasiktyaiwfeoialyswtmheiwmoacsi1aywhotfitwyswbmwwhbtiwryllesnaptgybcharaywbfwwhbtcibtwwstftseiadlyswbmwwbtihtswicmetwooatcitdhhotwtadatdotbs1wbmbttftisytsslsitositaiaislratptttftwicuabcicsoartabfhoyatfillwdaidfyitswiifsyfitfhoiaflaiwftmamyswbmwwhbtiwryllesnaraaliabyswbmwwbtcibtwwstftseiadlyswbmwwbttbdymabdylitysiwlaactfttysmtsswyshiacrafsyaastnpyjkyagbmwgbiglywohitgwhacbopotlwmaysomwrwtwgbttyswbmwwbeiwmoacsi1yswbmwwbdtbtaasasimhsssiwi
When Emma Falls in Love (Taylor’s Version) [From The Vault],Speak Now (Taylor’s Version),wefilsptfctbaltdwefilscuhmjatwttocgwswathtclmsatigrwefiliktbwnbtscstkobtycpdlicguiastaatbbwbgbitohactlhattyttsiwiwhwefiliaohfhitalsioswefilsdawajlasiatywefaiwsastotpabiohocwefilsiifkswwausksahtlastkobtycpdlicguiastaatbbwbgbitohactlhattyttsiwiwhwssnywsilswlhiltwtidcscyospyiypwefililemabwelamtohhfritpohhnhbhswirldhkhwwatccstkobtycpdlicguiastaatbbwbgbitohactlhattyttsiwiwhybmaysiwiwh
champagne problems,evermore,ybtntfarsycstithbcossynswiwbidyhwdlyotscotlcpymriypmpiywyhwgidicpytyffaryckiiyssootbnnocdpybincofayhscicpyhasyslsbyraicgarcpymtotcdnfayfctdwoamimajwimfmheogofdtwstwaasthtntdthtwowtoftmtftsinwrsiwygsyjdktatsotkaayswmsalbwassfithtsbyftrtispuyttisahyhwdnlyscotlwcpymriyphpiywywramcpywramcp
closure,evermore,ibaltastsoynssopiwrtwiawdllyktnyigylyidbicdtkyrttbyigylyidbiktioidnycycdtmlsstntbhifwmsamtambamcicfysmoyigylyidbicdtkyrttbyigylyidbiktioidnycycycycikijawiynlsfwiiosnggroatstypbyambifaiosuyigylyidbicdtkyrttbyigylyidbiktioidnyccycyc
coney island,evermore,bmsitlfybyrhiicrtyatwairtaititlhhwghssdicmfasddisyaisoabiciwwdmbgtfttbltmgsfnmymcoaolawnsdcyeaigcacwtsgdtqpmhwaloaiipyttebywtptlmadymtrwcyipalytwyfmswytwttmatotccwwltmbtiiwtoptbtmtgsdsfnwyaaroaolawnsdcyeaigcacwtsgdwywaoosittlbtgcdilyhesdwysithwabchbdipybstdgauaawigitatstfbmwyfbwiwuttpittiftsynioabiciwwdmbgtfttbltmgsfnmymcoaolawnsdcyeaigcacwtsgdwtsgdtstfbmwyfwtsgdbittiftsynoaosfnmymmymmymc
cowboy like me,evermore,attcwcuwsttayamtdbisdiadgoittigboottnikinglaigstumstotkoyaclmnwljafcniwbtplisiaabyhstuystotkoyaclmpitdtatrfatwhlicblicbtwfoitpfiyablmefoshftglntimyhicblwcbtwfaikipfiyaclmpitdtatrfatwhlicblicbtwfoitpfiyablmefoshftglntimyhicblwcbtwfaikipfiatsibocphtftuatomtisrdbiwtoatllhtsawypttobtwabilidnyhfmlltgobwybbmbfitscihstumstotkoyaclmainglainglaingla
dorothea,evermore,hddyesatamwwwyditphmalotmygsfsyltatstopisynaignbwwfyotpitsaiewobywlitwintltcbtmstsiyesbitaiyetobkfwykyktyakmdudaoyaqsdsmamofyibahddyesatamwiwcstpjtpoymahpsaddtawbybaystssimutbwoiginkoaygowtsbintltcbtmstsiyesbitaiyetobkfwykykyakmdudaoooooooodaao
evermore,evermore,gnibdsjmcpmiablirmfoessttftowiwwwlattfaiwcmbsoaowcmdaicbsihafspttpwbfehdgifucrwiutffirttbaidipotvmawlsstbdaiwcmbbitwwcmdaicbsihafspttpwbfeecntoatcatttwblocwjgaptbcwbtawwbtfotvotddiowobtitalticjgcawiwsctoatcnitoyatttwblnitcolcwjgapidoytbcwbtaiytoatciwrewwbtftgmtotvotddotvotddoowbtiowobtbisitaltwcjgcywtaiwcmbfoaccumsaicbsihafsptpwbfeeeeetpwbfee
gold rush,evermore,gtelssowsiiajibidlagrgridlamfiarfidltawdtfytewyewwiwbltlywpqbidlsmdvirbidltfflfttbcewybidlagrwmibltgutbwyhfipldismpaywfwmethftdadpicyooycsatctwwrhnsalapaiatifitgomdtcicnbcidlagrgridlamfiarfidltawdtfytewyewwiwbltlywpqbidlsmdvirbidltfflfttbcewybidlagrwmibltgutbwyhfipldmmtylificdtdayaadpiwcyooycsatctwnfwnsalapaicifitgomdtciwnbgtelssowsiiaji
happiness,evermore,hwiattistfwiibnirdiiatyigijswdusyaomhsiwdwtmsaitdicfrihmtnmytbhaybtwhboybottcbttihptbabptcacbttitnhbtlimetwlyfalliabatihtmwdywsbtllaswdaolstllwpamdhihsbabfwtmsntynidmtsicsftaomfyhmtnmytbhambtwhbombottibtihiohaogdtiagsdwtfolftdiwamliabatihicmigabmyavigitpipfsyihaipybimegnnigfnnotywtdwagmhyaykyhhthwiattisifwiibnmelarotpwyutlyhagytbihtmwtgataywfmnitglofyhmtnmyaitsgyttbhaybtwhboytbottcbttihiohaogdtiagsdwtfolftdiwamliaboliabliabatih
ivy,evermore,hotkimywtsmtbiafliftsytbfaigtbsgatowgttsedbidijshawgftlogmpfitpoyfhtmbibptaoicsyprimdmhosyiganiciyiwtktfftmyltbmchitryoeaaiwtshwwoyogmpfitpoyfhtmbibptaoicsyprimdmhosyiganiccbitfsblttinwwhdihfuocmcicsblbsdfhgbthttghotkiladfmtwsobabtstmtrodtsawwwbadmhwogmpfitpoyfhtmbibptaoicsyprimdmhosyiganiciyaiciysyiafiagbitdaysiysisyiawitgfomlaysiysioicsyprimdmhosyiganiciyiyniciyiy
l​ong story short,evermore,fittpmbttbpmmltwowisimsayprbiwitasoastkcbwitsfwiityhhbaifftprdtrhlssiwabtpftpcttnllssiwtwgniaayiaayayyiaayayyaiafimlbitrvmmatggtohtktwidmsitiitbakoydawlipbiscauttircifftprdtrhlssiwabtpftpcttnllssiwtwgniaayiaayayyiaaynmksnijkywkywnmtownijktmktmnmksnijkywkywamwmyseaepmiwtyntglitptynwdtbygtctsahpbratgoacitsahflhitsfwiieygaifftprdtrhlssiwabtpftpcrbutclssisniaayaniaayaaniaayaniaayayyiaayanyyiaaylssiwabtlssis
marjorie,evermore,nbskyftbcnbscyftbkaiidkbitywttmniidkbitywsawddsdwddsdyayaimhwddsdwddsdyasanbspyfypnwspyftbpaiidkbitywltmniidkbitywsawddsdwddsdyayaimhwddsdwddsdyasatactwmuyltassmllafsyagpwofctaictwwttcrbautsisayqisayhtbaytwidfmskegsrcesoywbtfmwaysynmaycobdahyltatmwddsdwddsdyayaimhwddsdwddsdyasaaiidkbitywstmniidkbitywsaikbbisfyaaikbbysa
"no body, no crime",evermore,hdihdieafomwmuetnfdaagoweblshhadaislisstammohmtamjoojantanditigchossithdibijcpiithdibijcpiithdibijcpinnbncbialuutdidnnithdinnhdiewttnaogahjoahrhmwainwiphhhthgsbntahmmisiebaentandsgchocithdibijcpihdiithdibijcpihdiithdibijcpinnbncbialuutdidnnithdinnhdigtmdmmgablwiwfaicehtkhtcuasgtesgsswwmswwmdgthmtoablipttsdibtjcpittsdibtjcpistidibsjcpinnbnciwluutdhnnbnciwluutdhnnbnciwluutdhd
’tis the damn season,evermore,iiwtkwywhwwiwgiwayitkocfuwgbifiwipytaaiyptbtaimbiiatstyitstmswccieyccmbftwttdswtdisamphatrntlrgnaialtyamhipmcrbtmatstutbothllbpycrbosfieitrhywmlbiiowyiowmwccieyccmbftwttdswtdisamphatrntlrgntfmatmoyttnimyshmowcjraatrntlrgnaialtyamhsihtdjfotsiwaytwiydamtssigbtlatsfwwbamiiemiawatoswctwsifathikibimotltwbiekwccieetilaibyftwttdswccieyccmbftwttdswtdisamphatrntlrgntfmatmoyttnimyshmowcjraatrntlrgnaialtyamhialtyamh
tolerate it,evermore,isawyrwyhliwawybwyecisawyineydoddysmoawaiiwbtdlijakumbcfyplttwtfsawytiiiaimhtmntmigiwsikmlsbcbytiigywabhwityiaigfisalipputgagysmoawaiiwbtdlijakumbcfyplttwtfsawytiiiaimhtmntmigiwsikmlsbcbytiwywobowwwiwtmwtbombwimymtmmmsnibffitsoyldhitbatutmsotyaifbwwydiibfaluirttdimarigtwoytlibmicdiiiaimhtmntmigiwsikmlsbcbytiisawy
willow,evermore,iltwwysritnrotsbyctlakaiiwaocinwkftloyfliyclapwtmtystlikwysifibfyttmhwmptmmlwawaibrtywhotpicfysiaiywamtlywatoacratwopictwtmtystlikwysifibfyttmhwmptmmyktmtctyhaeihibfyttmhwmptmmlwawaibrtywtcmotatalwawaibrtywbicbsta9twftsaimyadsmtpwtogysntiaocigiskftloyfebwawoatmtystlikwysifibfyttmhwmptmmyktmtctyhaeihibfyttmhwmptmmtmtystlikwysifibfyttmhwmptmmyktmtctyhaeihibfyttmhwmptmmhtmmtmmytmmebwawoatmmhtmmibfyttmhwmptmm
the lakes,folklore (deluxe version),iirhameemincofatccthwcptmttlwatpwtdidbambndytwpllapptcisobnwmmwsbobumsihwohictftwsnstmwamwwtmttlwatpwtdidbambndytwpllapptcisobnwmmiwaaspiwtwwgrombfcihmiyaiwyrharrguooifgwnoattiwibicpwmclaigtmttlwatpwtdidbambndytwpllapptcisobnwmmnnwy
Only The Young,Miss Americana,ikmatloyftmyhtnysiafitydatycdtgwrtrgttwottrywottbotyotyotyotycrcrsrararsednybftsyohotygtcswwtbhswbatbbmahbbcthaswrohqtftaghutbhttagctwgdiotttiobijbootcsuotyotyotyotyotyotyotyotyotyotyotyotyotyotyotyotydsytttfotyotyijamototyotyuttflotycrdsytttfijamotcruttflsrarardsytttfijamotsruttflarararotyotyoty
r​ight where you left me,evermore (deluxe version),fbufgmsgbsgbtcrftnsbirwylmmbatoptasteoweallbiirwylmhisatrssiacihcitdltswassiisychahpdrwiftmsgsotwcemoiistdcomphtemtfsspbisasrwylmylmnylmnylmncbtshfylmylmnoylmnylmncbtshfdyehatgwgftwofeeswkisstihfhiwstbdyhatgwlidbhedydhtlisstihfaysifomatrwiwstoywcitdlewjriicftmrytmtymsgsotwcemohisatrssiacihcitdltswassiistdcomphistygawotkacbiucirwicnhmmbioldyicbwaibslbiyetygiwirwylmylmnoylmnylmncbtshfylmylmnoylmnylmncbtshf
it’s time to go,evermore (deluxe version),wtdicatcgoyafttotmahitflaeoltwtwoascbiwtpswnifwssnatfydsacwwctofbatsftslbiysykwittgtyayjttsotbgtstwyottsftkwkihiiwobthwtofbatsftslbiysykwittgsguitststritbtswoitottwfytrtsguitststritbtswoitottwfytrtfyfmtbtmkbigimahgmnaatwwilnhsohtihpobpthghgmpfbgbigmtofbatsftslbimsikwittgsguitststritbtswoitottwfytrtsguitststritbtswoitottwfytrttwfytrtaykiysykiyswittgykykykykwittgstygtygyjg
If This Was a Movie (Taylor’s Version),The More Fearless (Taylor’s Version) Chapter by Taylor Swift,lnihmohbslfomssmgaisretikyntiwpbatmbtbewbtmibgbtmlwtssaihycbcbcbtmlywywitwamsitroticocbcbcbtmlycyciyjsysiktwcwiosbitwamybhbnikpcatthbirhiwbtwuiyaaofalcnltehttnipdthcdysfttnwystmngcnfmaybbikhmihtlcbcbcbtmlywywitwamsitroticocbcbcbtmlycyciyjsysiktwcwiosbitwamybhbniyotiysiymoibwfyedsybgijwibtwiwbaijwsybamfdaiscbcbcbtmlywbysintebtfbilyobitiabncbcbcbtmlywywitwamsitroticocbcbcbtmlycyciyjsysiktwcwiosbitwamybhbnybhbnintkoeywsnbwateoittybhbnootybhbn
